{
	"default_color": 3891455,
    "x_axis": "biome_id",
    "y_axis": "0",
	
	"biome_id_mapper": {
		"minecraft:birch_forest": 0,
		"minecraft:sunflower_plains": 0,
		"minecraft:flower_forest": 0,
		"minecraft:old_growth_birch_forest": 0,
		"minecraft:meadow": 0,
		"minecraft:plains": 0,
		"minecraft:forest": 0,
		"minecraft:windswept_hills": 0,
		"minecraft:windswept_forest": 0,
		"minecraft:windswept_gravelly_hills": 0,
		"minecraft:stony_shore": 0,
		"minecraft:river": 0,
		"minecraft:beach": 0,
		"minecraft:badlands": 1,
		"minecraft:eroded_badlands": 1,
		"minecraft:wooded_badlands": 1,
		"minecraft:desert": 2,
		"minecraft:cherry_grove": 3,
		"minecraft:cold_ocean": 4,
		"minecraft:deep_cold_ocean": 4,
		"minecraft:dark_forest": 5,
		"minecraft:deep_dark": 6,
		"minecraft:dripstone_caves": 7,
		"minecraft:jungle": 8,
		"minecraft:sparse_jungle": 8,
		"minecraft:bamboo_jungle": 8,
		"minecraft:lush_caves": 9,
		"minecraft:mangrove_swamp": 16,
		"minecraft:mushroom_fields": 11,
		"minecraft:ocean": 12,
		"minecraft:deep_ocean": 12,
		"minecraft:pale_garden": 13,
		"minecraft:savanna": 14,
		"minecraft:savanna_plateau": 14,
		"minecraft:windswept_savanna": 14,
		"minecraft:snowy_plains": 15,
		"minecraft:snowy_slopes": 15,
		"minecraft:snowy_beach": 15,
		"minecraft:snowy_taiga": 15,
		"minecraft:frozen_river": 15,
		"minecraft:frozen_ocean": 15,
		"minecraft:frozen_peaks": 15,
		"minecraft:deep_frozen_ocean": 15,
		"minecraft:ice_spikes": 15,
		"minecraft:jagged_peaks": 15,
		"minecraft:grove": 15,
		"minecraft:swamp": 16,
		"minecraft:taiga": 17,
		"minecraft:old_growth_pine_taiga": 17,
		"minecraft:old_growth_spruce_taiga": 17,
		"minecraft:warm_ocean": 18,
		"minecraft:lukewarm_ocean": 18,
		"minecraft:deep_lukewarm_ocean": 18,
		"texture_size": 256
	}
}