{
	"format_version": "1.21.6",
	"credit": "Made with Blockbench",
	"texture_size": [32, 32],
	"textures": {
		"0": "davidparticles:block/texture",
		"particle": "davidparticles:block/texture"
	},
	"elements": [
		{
			"from": [5, -1.5, 4.5],
			"to": [12, 8.5, 11.5],
			"rotation": {"angle": 0, "axis": "z", "origin": [8.5, 3.5, 8]},
			"faces": {
				"north": {"uv": [0, 0, 5, 3.5], "rotation": 270, "texture": "#0"},
				"east": {"uv": [8.5, 5, 5, 0], "texture": "#0"},
				"south": {"uv": [0, 3.5, 5, 7], "rotation": 90, "texture": "#0"},
				"west": {"uv": [8.5, 5, 5, 10], "rotation": 180, "texture": "#0"},
				"up": {"uv": [0, 7, 3.5, 10.5], "rotation": 90, "texture": "#0"},
				"down": {"uv": [8.5, 0, 12, 3.5], "rotation": 90, "texture": "#0"}
			}
		}
	]
}