{
   "targets": ["minecraft:stone", "minecraft:diorite", "minecraft:granite", "minecraft:deepslate", "minecraft:tuff", "minecraft:sculk", "minecraft:deepslate_bricks", "minecraft:cracked_deepslate_bricks", "minecraft:polished_basalt", "minecraft:deepslate_tiles", "minecraft:dripstone_block"],
   "particle_emitters": [
    {
       "particle": "davidparticles:cave_fog",
       "chance": "0.45 * (SKY_LIGHT == 0)",
       "x": "0.5", 
       "z": "0.5",
       "y": "4",
       "dy": "0.001 + rand()*0.001",
       "biomes": ["minecraft:windswept_hills",
                  "minecraft:windswept_forest",
                  "minecraft:windswept_gravelly_hills",
                  "minecraft:stony_shore",
                  "minecraft:river",
                  "minecraft:beach",
                  "minecraft:birch_forest",
                  "minecraft:sunflower_plains",
                  "minecraft:flower_forest",
                  "minecraft:old_growth_birch_forest",
                  "minecraft:meadow",
                  "minecraft:plains",
                  "minecraft:forest",
                  "minecraft:badlands",
                  "minecraft:eroded_badlands",
                  "minecraft:wooded_badlands",
                  "minecraft:cherry_grove",
                  "minecraft:cold_ocean",
                  "minecraft:deep_cold_ocean",
                  "minecraft:dark_forest",
                  "minecraft:desert",
                  "minecraft:dripstone_caves",
                  "minecraft:jungle",
                  "minecraft:sparse_jungle",
                  "minecraft:bamboo_jungle",
                  "minecraft:lush_caves",
                  "minecraft:mangrove_swamp",
                  "minecraft:mushroom_fields",
                  "minecraft:ocean",
                  "minecraft:deep_ocean",
                  "minecraft:pale_garden",
                  "minecraft:savanna",
                  "minecraft:savanna_plateau",
                  "minecraft:windswept_savanna",
                  "minecraft:snowy_plains",
                  "minecraft:snowy_slopes",
                  "minecraft:snowy_beach",
                  "minecraft:snowy_taiga",
                  "minecraft:frozen_river",
                  "minecraft:frozen_ocean",
                  "minecraft:frozen_peaks",
                  "minecraft:deep_frozen_ocean",
                  "minecraft:ice_spikes",
                  "minecraft:jagged_peaks",
                  "minecraft:grove",
                  "minecraft:swamp",
                  "minecraft:taiga",
                  "minecraft:old_growth_pine_taiga",
                  "minecraft:old_growth_spruce_taiga",
                  "minecraft:warm_ocean",
                  "minecraft:lukewarm_ocean",
                  "minecraft:deep_lukewarm_ocean",
                  "minecraft:deep_dark"
     ],
       "spawn_location": "lower_corner"
     }    
     ]
}