{
  "targets": ["minecraft:copper_bulb", "minecraft:exposed_copper_bulb", "minecraft:weathered_copper_bulb", "minecraft:oxidized_copper_bulb",
              "minecraft:waxed_copper_bulb", "minecraft:waxed_exposed_copper_bulb", "minecraft:waxed_weathered_copper_bulb", "minecraft:waxed_oxidized_copper_bulb"],
  "particle_emitters": [
    {
      "particle": "davidparticles:block_glow_emitter",
      "chance": "1",
      "x": "0.5",
      "y": "0.5",
      "z": "0.5",
      "spawn_location": "lower_corner"
    }
  ]
}
