{
   "targets": ["minecraft:end_stone"],
   "particle_emitters": [
     {
       "particle": "davidparticles:end_fog",
       "chance": "0.45",
       "x": "0", 
       "z": "0",
       "y": "4",
       "dy": "0.001 + rand()*0.001",
       "biomes": ["minecraft:the_end",
		            "minecraft:end_barrens",
		            "minecraft:end_midlands",
                  "minecraft:end_highlands",
                  "minecraft:small_end_islands"],
      "spawn_location": "lower_corner"
     }    
     ]
}