{
   "targets": ["minecraft:air"],
   "particle_emitters": [
     {
       "particle": "davidparticles:wind_gust",
       "chance": "(0.00015 * RAIN) * (SKY_LIGHT == 15)",
       "x": "0.5 + gaussian()*2", 
       "z": "0.5 + gaussian()*2 ",
       "y": "1.5 + gaussian()*2",
       "spawn_location": "lower_corner",
       "biomes": ["minecraft:windswept_hills",
                  "minecraft:windswept_forest",
                  "minecraft:windswept_gravelly_hills",
                  "minecraft:stony_shore",
                  "minecraft:river",
                  "minecraft:beach",
                  "minecraft:birch_forest",
                  "minecraft:sunflower_plains",
                  "minecraft:flower_forest",
                  "minecraft:old_growth_birch_forest",
                  "minecraft:meadow",
                  "minecraft:plains",
                  "minecraft:forest",
                  "minecraft:badlands",
                  "minecraft:eroded_badlands",
                  "minecraft:wooded_badlands",
                  "minecraft:cherry_grove",
                  "minecraft:cold_ocean",
                  "minecraft:deep_cold_ocean",
                  "minecraft:dark_forest",
                  "minecraft:deep_dark",
                  "minecraft:desert",
                  "minecraft:dripstone_caves",
                  "minecraft:jungle",
                  "minecraft:sparse_jungle",
                  "minecraft:bamboo_jungle",
                  "minecraft:lush_caves",
                  "minecraft:mangrove_swamp",
                  "minecraft:mushroom_fields",
                  "minecraft:ocean",
                  "minecraft:deep_ocean",
                  "minecraft:pale_garden",
                  "minecraft:savanna",
                  "minecraft:savanna_plateau",
                  "minecraft:windswept_savanna",
                  "minecraft:snowy_plains",
                  "minecraft:snowy_slopes",
                  "minecraft:snowy_beach",
                  "minecraft:snowy_taiga",
                  "minecraft:frozen_river",
                  "minecraft:frozen_ocean",
                  "minecraft:frozen_peaks",
                  "minecraft:deep_frozen_ocean",
                  "minecraft:ice_spikes",
                  "minecraft:jagged_peaks",
                  "minecraft:grove",
                  "minecraft:swamp",
                  "minecraft:taiga",
                  "minecraft:old_growth_pine_taiga",
                  "minecraft:old_growth_spruce_taiga",
                  "minecraft:warm_ocean",
                  "minecraft:lukewarm_ocean",
                  "minecraft:stony_peaks",
                  "minecraft:deep_lukewarm_ocean"
     ]
     },
     {
       "particle": "davidparticles:wind",
       "chance": "(0.0001 + RAIN*0.00065) * (SKY_LIGHT == 15) * (POS_Y > PLAYER_Y)",
       "x": "0.5 + gaussian()*2", 
       "z": "0.5 + gaussian()*2 ",
       "y": "3.5 + gaussian()*2",
       "spawn_location": "lower_corner",
       "biomes": ["minecraft:windswept_hills",
                  "minecraft:windswept_forest",
                  "minecraft:windswept_gravelly_hills",
                  "minecraft:stony_shore",
                  "minecraft:river",
                  "minecraft:beach",
                  "minecraft:birch_forest",
                  "minecraft:sunflower_plains",
                  "minecraft:flower_forest",
                  "minecraft:old_growth_birch_forest",
                  "minecraft:meadow",
                  "minecraft:plains",
                  "minecraft:forest",
                  "minecraft:badlands",
                  "minecraft:eroded_badlands",
                  "minecraft:wooded_badlands",
                  "minecraft:cherry_grove",
                  "minecraft:cold_ocean",
                  "minecraft:deep_cold_ocean",
                  "minecraft:stony_peaks",
                  "minecraft:dark_forest",
                  "minecraft:deep_dark",
                  "minecraft:desert",
                  "minecraft:dripstone_caves",
                  "minecraft:jungle",
                  "minecraft:sparse_jungle",
                  "minecraft:bamboo_jungle",
                  "minecraft:lush_caves",
                  "minecraft:mangrove_swamp",
                  "minecraft:mushroom_fields",
                  "minecraft:ocean",
                  "minecraft:deep_ocean",
                  "minecraft:pale_garden",
                  "minecraft:savanna",
                  "minecraft:savanna_plateau",
                  "minecraft:windswept_savanna",
                  "minecraft:snowy_plains",
                  "minecraft:snowy_slopes",
                  "minecraft:snowy_beach",
                  "minecraft:snowy_taiga",
                  "minecraft:frozen_river",
                  "minecraft:frozen_ocean",
                  "minecraft:frozen_peaks",
                  "minecraft:deep_frozen_ocean",
                  "minecraft:ice_spikes",
                  "minecraft:jagged_peaks",
                  "minecraft:grove",
                  "minecraft:swamp",
                  "minecraft:taiga",
                  "minecraft:old_growth_pine_taiga",
                  "minecraft:old_growth_spruce_taiga",
                  "minecraft:warm_ocean",
                  "minecraft:lukewarm_ocean",
                  "minecraft:deep_lukewarm_ocean"
     ]
     },
     {
       "particle": "davidparticles:wind",
       "chance": "0.0001 * (SKY_LIGHT == 15) * (POS_Y > PLAYER_Y)",
       "x": "0.5 + gaussian()*2", 
       "z": "0.5 + gaussian()*2 ",
       "y": "3.5 + gaussian()*2",
       "spawn_location": "lower_corner",
       "biomes": ["minecraft:desert",
                  "minecraft:badlands",
                  "minecraft:eroded_badlands",
                  "minecraft:wooded_badlands"
     ]
     }
     ]
}