{
  "providers": [
    {
      "type": "bitmap",
      "ascent": 8,
      "chars": [
        "\uD833\uDD00"
      ],
      "file": "minecraft:attribute_icon/generic.attack_range.png",
      "height": 9
    },
    {
      "type": "bitmap",
      "ascent": 8,
      "chars": [
        "\uD833\uDD01"
      ],
      "file": "minecraft:attribute_icon/generic.armor.png",
      "height": 9
    },
    {
      "type": "bitmap",
      "ascent": 8,
      "chars": [
        "\uD833\uDD02"
      ],
      "file": "minecraft:attribute_icon/generic.armor_toughness.png",
      "height": 9
    },
    {
      "type": "bitmap",
      "ascent": 8,
      "chars": [
        "\uD833\uDD03"
      ],
      "file": "minecraft:attribute_icon/generic.attack_damage.png",
      "height": 9
    },
    {
      "type": "bitmap",
      "ascent": 8,
      "chars": [
        "\uD833\uDD04"
      ],
      "file": "minecraft:attribute_icon/generic.attack_knockback.png",
      "height": 9
    },
    {
      "type": "bitmap",
      "ascent": 8,
      "chars": [
        "\uD833\uDD05"
      ],
      "file": "minecraft:attribute_icon/generic.attack_speed.png",
      "height": 9
    },
    {
      "type": "bitmap",
      "ascent": 8,
      "chars": [
        "\uD833\uDD06"
      ],
      "file": "minecraft:attribute_icon/player.sweeping_damage_ratio.png",
      "height": 9
    },
    {
      "type": "bitmap",
      "ascent": 8,
      "chars": [
        "\uD833\uDD07"
      ],
      "file": "minecraft:attribute_icon/generic.knockback_resistance.png",
      "height": 9
    },
    {
      "type": "bitmap",
      "ascent": 8,
      "chars": [
        "\uD833\uDD08"
      ],
      "file": "minecraft:attribute_icon/generic.luck.png",
      "height": 9
    },
    {
      "type": "bitmap",
      "ascent": 8,
      "chars": [
        "\uD833\uDD09"
      ],
      "file": "minecraft:attribute_icon/generic.max_health.png",
      "height": 9
    },
    {
      "type": "bitmap",
      "ascent": 8,
      "chars": [
        "\uD833\uDD0A"
      ],
      "file": "minecraft:attribute_icon/generic.movement_speed.png",
      "height": 9
    },
    {
      "type": "bitmap",
      "ascent": 8,
      "chars": [
        "\uD833\uDD0B"
      ],
      "file": "minecraft:attribute_icon/generic.jump_strength.png",
      "height": 9
    },
    {
      "type": "bitmap",
      "ascent": 8,
      "chars": [
        "\uD833\uDD0C"
      ],
      "file": "minecraft:attribute_icon/generic.gravity.png",
      "height": 9
    },
    {
      "type": "bitmap",
      "ascent": 8,
      "chars": [
        "\uD833\uDD0D"
      ],
      "file": "minecraft:attribute_icon/generic.fall_damage_multiplier.png",
      "height": 9
    },
    {
      "type": "bitmap",
      "ascent": 8,
      "chars": [
        "\uD833\uDD0E"
      ],
      "file": "minecraft:attribute_icon/player.mining_efficiency.png",
      "height": 9
    },
    {
      "type": "bitmap",
      "ascent": 8,
      "chars": [
        "\uD833\uDD0F"
      ],
      "file": "minecraft:attribute_icon/player.block_break_speed.png",
      "height": 9
    },
    {
      "type": "bitmap",
      "ascent": 8,
      "chars": [
        "\uD833\uDD10"
      ],
      "file": "minecraft:attribute_icon/player.block_interaction_range.png",
      "height": 9
    },
    {
      "type": "bitmap",
      "ascent": 8,
      "chars": [
        "\uD833\uDD11"
      ],
      "file": "minecraft:attribute_icon/player.entity_interaction_range.png",
      "height": 9
    },
    {
      "type": "bitmap",
      "ascent": 8,
      "chars": [
        "\uD833\uDD12"
      ],
      "file": "combat_roll:attribute_icon/distance.png",
      "height": 9
    },
    {
      "type": "bitmap",
      "ascent": 8,
      "chars": [
        "\uD833\uDD13"
      ],
      "file": "combat_roll:attribute_icon/recharge.png",
      "height": 9
    },
    {
      "type": "bitmap",
      "ascent": 8,
      "chars": [
        "\uD833\uDD14"
      ],
      "file": "combat_roll:attribute_icon/count.png",
      "height": 9
    },
    {
      "type": "bitmap",
      "ascent": 8,
      "chars": [
        "\uD833\uDD15"
      ],
      "file": "critical_strike:attribute_icon/chance.png",
      "height": 9
    },
    {
      "type": "bitmap",
      "ascent": 8,
      "chars": [
        "\uD833\uDD16"
      ],
      "file": "critical_strike:attribute_icon/damage.png",
      "height": 9
    },
    {
      "type": "bitmap",
      "ascent": 8,
      "chars": [
        "\uD833\uDD17"
      ],
      "file": "ranged_weapon:attribute_icon/damage.png",
      "height": 9
    },
    {
      "type": "bitmap",
      "ascent": 8,
      "chars": [
        "\uD833\uDD18"
      ],
      "file": "ranged_weapon:attribute_icon/pull_time.png",
      "height": 9
    },
    {
      "type": "bitmap",
      "ascent": 8,
      "chars": [
        "\uD833\uDD19"
      ],
      "file": "ranged_weapon:attribute_icon/haste.png",
      "height": 9
    },
    {
      "type": "bitmap",
      "ascent": 8,
      "chars": [
        "\uD833\uDD1A"
      ],
      "file": "ranged_weapon:attribute_icon/velocity.png",
      "height": 9
    },
    {
      "type": "bitmap",
      "ascent": 8,
      "chars": [
        "\uD833\uDD1B"
      ],
      "file": "spell_power:attribute_icon/critical_damage.png",
      "height": 9
    },
    {
      "type": "bitmap",
      "ascent": 8,
      "chars": [
        "\uD833\uDD1C"
      ],
      "file": "spell_power:attribute_icon/critical_chance.png",
      "height": 9
    },
    {
      "type": "bitmap",
      "ascent": 8,
      "chars": [
        "\uD833\uDD1D"
      ],
      "file": "spell_power:attribute_icon/haste.png",
      "height": 9
    },
    {
      "type": "bitmap",
      "ascent": 8,
      "chars": [
        "\uD833\uDD1E"
      ],
      "file": "spell_power:attribute_icon/resistance.generic.png",
      "height": 9
    },
    {
      "type": "bitmap",
      "ascent": 8,
      "chars": [
        "\uD833\uDD1F"
      ],
      "file": "spell_power:attribute_icon/generic.png",
      "height": 9
    },
    {
      "type": "bitmap",
      "ascent": 8,
      "chars": [
        "\uD833\uDD20"
      ],
      "file": "spell_power:attribute_icon/arcane.png",
      "height": 9
    },
    {
      "type": "bitmap",
      "ascent": 8,
      "chars": [
        "\uD833\uDD21"
      ],
      "file": "spell_power:attribute_icon/fire.png",
      "height": 9
    },
    {
      "type": "bitmap",
      "ascent": 8,
      "chars": [
        "\uD833\uDD22"
      ],
      "file": "spell_power:attribute_icon/frost.png",
      "height": 9
    },
    {
      "type": "bitmap",
      "ascent": 8,
      "chars": [
        "\uD833\uDD23"
      ],
      "file": "spell_power:attribute_icon/healing.png",
      "height": 9
    },
    {
      "type": "bitmap",
      "ascent": 8,
      "chars": [
        "\uD833\uDD24"
      ],
      "file": "spell_power:attribute_icon/lightning.png",
      "height": 9
    },
    {
      "type": "bitmap",
      "ascent": 8,
      "chars": [
        "\uD833\uDD25"
      ],
      "file": "spell_power:attribute_icon/soul.png",
      "height": 9
    },
    {
      "type": "bitmap",
      "ascent": 8,
      "chars": [
        "\uD833\uDD26"
      ],
      "file": "spell_power:attribute_icon/water.png",
      "height": 9
    },
    {
      "type": "bitmap",
      "ascent": 8,
      "chars": [
        "\uD833\uDD27"
      ],
      "file": "spell_power:attribute_icon/air.png",
      "height": 9
    },
    {
      "type": "bitmap",
      "ascent": 8,
      "chars": [
        "\uD833\uDD28"
      ],
      "file": "spell_power:attribute_icon/earth.png",
      "height": 9
    },
    {
      "type": "bitmap",
      "ascent": 8,
      "chars": [
        "\uD833\uDD29"
      ],
      "file": "spell_power:attribute_icon/blood.png",
      "height": 9
    },
    {
      "type": "bitmap",
      "ascent": 8,
      "chars": [
        "\uD833\uDD2A"
      ],
      "file": "spell_power:attribute_icon/unholy.png",
      "height": 9
    },
    {
      "type": "bitmap",
      "ascent": 8,
      "chars": [
        "\uD833\uDD2B"
      ],
      "file": "spell_power:attribute_icon/holy.png",
      "height": 9
    },
    {
      "type": "bitmap",
      "ascent": 8,
      "chars": [
        "\uD833\uDD2C"
      ],
      "file": "spell_power:attribute_icon/nature.png",
      "height": 9
    },
    {
      "type": "bitmap",
      "ascent": 8,
      "chars": [
        "\uD833\uDD2D"
      ],
      "file": "spell_engine:attribute_icon/healing_taken.png",
      "height": 9
    },
    {
      "type": "bitmap",
      "ascent": 8,
      "chars": [
        "\uD833\uDD2E"
      ],
      "file": "spell_engine:attribute_icon/damage_taken.png",
      "height": 9
    },
    {
      "type": "bitmap",
      "ascent": 8,
      "chars": [
        "\uD833\uDD2F"
      ],
      "file": "spell_engine:attribute_icon/evasion_chance.png",
      "height": 9
    },
    {
      "type": "bitmap",
      "ascent": 8,
      "chars": [
        "\uD833\uDD30"
      ],
      "file": "more_rpg_classes:attribute_icon/air_fuse_modifier.png",
      "height": 9
    },
    {
      "type": "bitmap",
      "ascent": 8,
      "chars": [
        "\uD833\uDD31"
      ],
      "file": "more_rpg_classes:attribute_icon/arcane_fuse_modifier.png",
      "height": 9
    },
    {
      "type": "bitmap",
      "ascent": 8,
      "chars": [
        "\uD833\uDD32"
      ],
      "file": "more_rpg_classes:attribute_icon/damage_reflect_modifier.png",
      "height": 9
    },
    {
      "type": "bitmap",
      "ascent": 8,
      "chars": [
        "\uD833\uDD33"
      ],
      "file": "more_rpg_classes:attribute_icon/earth_fuse_modifier.png",
      "height": 9
    },
    {
      "type": "bitmap",
      "ascent": 8,
      "chars": [
        "\uD833\uDD34"
      ],
      "file": "more_rpg_classes:attribute_icon/fire_fuse_modifier.png",
      "height": 9
    },
    {
      "type": "bitmap",
      "ascent": 8,
      "chars": [
        "\uD833\uDD35"
      ],
      "file": "more_rpg_classes:attribute_icon/frost_fuse_modifier.png",
      "height": 9
    },
    {
      "type": "bitmap",
      "ascent": 8,
      "chars": [
        "\uD833\uDD36"
      ],
      "file": "more_rpg_classes:attribute_icon/healing_fuse_modifier.png",
      "height": 9
    },
    {
      "type": "bitmap",
      "ascent": 8,
      "chars": [
        "\uD833\uDD37"
      ],
      "file": "more_rpg_classes:attribute_icon/lifesteal_modifier.png",
      "height": 9
    },
    {
      "type": "bitmap",
      "ascent": 8,
      "chars": [
        "\uD833\uDD38"
      ],
      "file": "more_rpg_classes:attribute_icon/rage_modifier.png",
      "height": 9
    },
    {
      "type": "bitmap",
      "ascent": 8,
      "chars": [
        "\uD833\uDD39"
      ],
      "file": "more_rpg_classes:attribute_icon/spell_vampire.png",
      "height": 9
    },
    {
      "type": "bitmap",
      "ascent": 8,
      "chars": [
        "\uD833\uDD3A"
      ],
      "file": "more_rpg_classes:attribute_icon/water_fuse_modifier.png",
      "height": 9
    },
    {
      "type": "bitmap",
      "ascent": 8,
      "chars": [
        "\uD833\uDD3B"
      ],
      "file": "witcher_rpg:attribute_icon/aard_intensity.png",
      "height": 9
    },
    {
      "type": "bitmap",
      "ascent": 8,
      "chars": [
        "\uD833\uDD3C"
      ],
      "file": "witcher_rpg:attribute_icon/adrenaline_modifier.png",
      "height": 9
    },
    {
      "type": "bitmap",
      "ascent": 8,
      "chars": [
        "\uD833\uDD3D"
      ],
      "file": "witcher_rpg:attribute_icon/axii_intensity.png",
      "height": 9
    },
    {
      "type": "bitmap",
      "ascent": 8,
      "chars": [
        "\uD833\uDD3E"
      ],
      "file": "witcher_rpg:attribute_icon/igni_intensity.png",
      "height": 9
    },
    {
      "type": "bitmap",
      "ascent": 8,
      "chars": [
        "\uD833\uDD3F"
      ],
      "file": "witcher_rpg:attribute_icon/sign_intensity.png",
      "height": 9
    },
    {
      "type": "bitmap",
      "ascent": 8,
      "chars": [
        "\uD833\uDD40"
      ],
      "file": "witcher_rpg:attribute_icon/quen_intensity.png",
      "height": 9
    },
    {
      "type": "bitmap",
      "ascent": 8,
      "chars": [
        "\uD833\uDD41"
      ],
      "file": "witcher_rpg:attribute_icon/yrden_intensity.png",
      "height": 9
    }
  ]
}