{
	"format_version": "1.21.6",
	"credit": "Made with Blockbench",
	"parent": "crow",
	"texture_size": [32, 32],
	"textures": {
		"1": "davidparticles:block/birds/crow/crow_2",
		"particle": "davidparticles:block/birds/crow/crow_2"
	},
	"elements": [
		{
			"name": "crow",
			"from": [5, 4.5, -6.5],
			"to": [11, 4.5, 3.5],
			"rotation": {"angle": 0, "axis": "y", "origin": [8, 3, 8.25]},
			"faces": {
				"north": {"uv": [0, 0, 3, 0], "texture": "#1"},
				"east": {"uv": [0, 0, 5, 0], "texture": "#1"},
				"south": {"uv": [0, 0, 3, 0], "texture": "#1"},
				"west": {"uv": [0, 0, 5, 0], "texture": "#1"},
				"up": {"uv": [3, 10.5, 0, 5.5], "rotation": 180, "texture": "#1"},
				"down": {"uv": [3, 5.5, 0, 10.5], "rotation": 180, "texture": "#1"}
			}
		},
		{
			"name": "crow",
			"from": [6, 0.5, 3.5],
			"to": [10, 4.5, 12.5],
			"rotation": {"angle": 0, "axis": "y", "origin": [8, 3, 8.25]},
			"faces": {
				"north": {"uv": [7, 9.5, 9, 11.5], "texture": "#1"},
				"east": {"uv": [6, 0, 10.5, 2], "texture": "#1"},
				"south": {"uv": [5, 9.5, 7, 11.5], "texture": "#1"},
				"west": {"uv": [3, 5.5, 7.5, 7.5], "texture": "#1"},
				"up": {"uv": [9.5, 6.5, 7.5, 2], "rotation": 180, "texture": "#1"},
				"down": {"uv": [5, 7.5, 3, 12], "rotation": 180, "texture": "#1"}
			}
		},
		{
			"name": "crow",
			"from": [6, 0.5, -5.5],
			"to": [6, 4.5, 3.5],
			"rotation": {"angle": 0, "axis": "y", "origin": [8, 3, 8.25]},
			"faces": {
				"north": {"uv": [0, 0, 0, 2], "texture": "#1"},
				"east": {"uv": [9.5, 7.5, 5, 9.5], "texture": "#1"},
				"south": {"uv": [0, 0, 0, 2], "texture": "#1"},
				"west": {"uv": [5, 7.5, 9.5, 9.5], "texture": "#1"},
				"up": {"uv": [0, 4.5, 0, 0], "rotation": 180, "texture": "#1"},
				"down": {"uv": [0, 0, 0, 4.5], "rotation": 180, "texture": "#1"}
			}
		},
		{
			"name": "crow",
			"from": [10, 0.5, -5.5],
			"to": [10, 4.5, 3.5],
			"rotation": {"angle": 0, "axis": "y", "origin": [8, 3, 8.25]},
			"faces": {
				"north": {"uv": [0, 0, 0, 2], "texture": "#1"},
				"east": {"uv": [9.5, 7.5, 5, 9.5], "texture": "#1"},
				"south": {"uv": [0, 0, 0, 2], "texture": "#1"},
				"west": {"uv": [5, 7.5, 9.5, 9.5], "texture": "#1"},
				"up": {"uv": [0, 0, 0, 4.5], "rotation": 180, "texture": "#1"},
				"down": {"uv": [0, 0, 0, 4.5], "rotation": 180, "texture": "#1"}
			}
		},
		{
			"name": "crow",
			"from": [5.5, 0, 3],
			"to": [7.5, 3, 6],
			"rotation": {"angle": 0, "axis": "y", "origin": [8, 3, 8.25]},
			"faces": {
				"north": {"uv": [9, 11, 10, 12.5], "texture": "#1"},
				"east": {"uv": [10.5, 0, 12, 1.5], "texture": "#1"},
				"south": {"uv": [11, 6, 12, 7.5], "texture": "#1"},
				"west": {"uv": [6, 4, 7.5, 5.5], "texture": "#1"},
				"up": {"uv": [12, 11, 11, 9.5], "rotation": 180, "texture": "#1"},
				"down": {"uv": [11, 11, 10, 12.5], "rotation": 180, "texture": "#1"}
			}
		},
		{
			"name": "crow",
			"from": [8.5, 0, 3],
			"to": [10.5, 3, 6],
			"rotation": {"angle": 0, "axis": "y", "origin": [8, 3, 8.25]},
			"faces": {
				"north": {"uv": [5, 11.5, 6, 13], "texture": "#1"},
				"east": {"uv": [11, 1.5, 12.5, 3], "texture": "#1"},
				"south": {"uv": [11, 11, 12, 12.5], "texture": "#1"},
				"west": {"uv": [1.5, 10.5, 3, 12], "texture": "#1"},
				"up": {"uv": [7, 13, 6, 11.5], "rotation": 180, "texture": "#1"},
				"down": {"uv": [8, 11.5, 7, 13], "rotation": 180, "texture": "#1"}
			}
		},
		{
			"from": [0, 4.5, 3.5],
			"to": [6, 4.5, 14.5],
			"rotation": {"angle": 0, "axis": "z", "origin": [5.75, 4.5, 9.25]},
			"faces": {
				"north": {"uv": [0, 0, 3, 0], "texture": "#1"},
				"east": {"uv": [0, 0, 5.5, 0], "texture": "#1"},
				"south": {"uv": [0, 0, 3, 0], "texture": "#1"},
				"west": {"uv": [0, 0, 5.5, 0], "texture": "#1"},
				"up": {"uv": [3, 5.5, 0, 0], "rotation": 180, "texture": "#1"},
				"down": {"uv": [3, 0, 0, 5.5], "rotation": 180, "texture": "#1"}
			}
		},
		{
			"from": [-6, 4.5, 3.5],
			"to": [0, 4.5, 14.5],
			"rotation": {"angle": 0, "axis": "z", "origin": [5.75, 4.5, 9.25]},
			"faces": {
				"north": {"uv": [0, 0, 3, 0], "texture": "#1"},
				"east": {"uv": [0, 0, 5.5, 0], "texture": "#1"},
				"south": {"uv": [0, 0, 3, 0], "texture": "#1"},
				"west": {"uv": [0, 0, 5.5, 0], "texture": "#1"},
				"up": {"uv": [6, 5.5, 3, 0], "rotation": 180, "texture": "#1"},
				"down": {"uv": [6, 0, 3, 5.5], "rotation": 180, "texture": "#1"}
			}
		},
		{
			"from": [-9, 4.5, 3.5],
			"to": [-6, 4.5, 15.5],
			"rotation": {"angle": 0, "axis": "z", "origin": [5.75, 4.5, 9.25]},
			"faces": {
				"north": {"uv": [0, 0, 1.5, 0], "texture": "#1"},
				"east": {"uv": [0, 0, 5.5, 0], "texture": "#1"},
				"south": {"uv": [0, 0, 1.5, 0], "texture": "#1"},
				"west": {"uv": [0, 0, 5.5, 0], "texture": "#1"},
				"up": {"uv": [11, 8, 9.5, 2], "rotation": 180, "texture": "#1"},
				"down": {"uv": [11, 2, 9.5, 8], "rotation": 180, "texture": "#1"}
			}
		},
		{
			"from": [10, 4.5, 3.5],
			"to": [16, 4.5, 14.5],
			"rotation": {"angle": 0, "axis": "z", "origin": [8, 3, 8.25]},
			"faces": {
				"north": {"uv": [0, 0, 3, 0], "texture": "#1"},
				"east": {"uv": [0, 0, 5.5, 0], "texture": "#1"},
				"south": {"uv": [0, 0, 3, 0], "texture": "#1"},
				"west": {"uv": [0, 0, 5.5, 0], "texture": "#1"},
				"up": {"uv": [0, 5.5, 3, 0], "rotation": 180, "texture": "#1"},
				"down": {"uv": [0, 0, 3, 5.5], "rotation": 180, "texture": "#1"}
			}
		},
		{
			"from": [16, 4.5, 3.5],
			"to": [22, 4.5, 14.5],
			"rotation": {"angle": 0, "axis": "z", "origin": [8, 3, 8.25]},
			"faces": {
				"north": {"uv": [0, 0, 3, 0], "texture": "#1"},
				"east": {"uv": [0, 0, 5.5, 0], "texture": "#1"},
				"south": {"uv": [0, 0, 3, 0], "texture": "#1"},
				"west": {"uv": [0, 0, 5.5, 0], "texture": "#1"},
				"up": {"uv": [3, 5.5, 6, 0], "rotation": 180, "texture": "#1"},
				"down": {"uv": [3, 0, 6, 5.5], "rotation": 180, "texture": "#1"}
			}
		},
		{
			"from": [22, 4.5, 3.5],
			"to": [25, 4.5, 15.5],
			"rotation": {"angle": 0, "axis": "z", "origin": [8, 3, 8.25]},
			"faces": {
				"north": {"uv": [0, 0, 1.5, 0], "texture": "#1"},
				"east": {"uv": [0, 0, 5.5, 0], "texture": "#1"},
				"south": {"uv": [0, 0, 1.5, 0], "texture": "#1"},
				"west": {"uv": [0, 0, 5.5, 0], "texture": "#1"},
				"up": {"uv": [9.5, 8, 11, 2], "rotation": 180, "texture": "#1"},
				"down": {"uv": [9.5, 2, 11, 8], "rotation": 180, "texture": "#1"}
			}
		},
		{
			"name": "crow",
			"from": [6.5, 1, 12.5],
			"to": [9.5, 4, 16.5],
			"rotation": {"angle": 0, "axis": "y", "origin": [8, 3, 8.25]},
			"faces": {
				"north": {"uv": [11, 4.5, 12.5, 6], "texture": "#1"},
				"east": {"uv": [9, 9.5, 11, 11], "texture": "#1"},
				"south": {"uv": [11, 3, 12.5, 4.5], "texture": "#1"},
				"west": {"uv": [9.5, 8, 11.5, 9.5], "texture": "#1"},
				"up": {"uv": [7.5, 4, 6, 2], "rotation": 180, "texture": "#1"},
				"down": {"uv": [1.5, 10.5, 0, 12.5], "rotation": 180, "texture": "#1"}
			}
		},
		{
			"name": "crow",
			"from": [7.5, 1, 16.5],
			"to": [8.5, 3, 19.5],
			"rotation": {"angle": 0, "axis": "y", "origin": [8, 3, 8.25]},
			"faces": {
				"north": {"uv": [11.5, 8.5, 12, 9.5], "texture": "#1"},
				"east": {"uv": [11.5, 7.5, 13, 8.5], "texture": "#1"},
				"south": {"uv": [9, 6.5, 9.5, 7.5], "texture": "#1"},
				"west": {"uv": [7.5, 6.5, 9, 7.5], "texture": "#1"},
				"up": {"uv": [8.5, 13, 8, 11.5], "rotation": 180, "texture": "#1"},
				"down": {"uv": [9, 11.5, 8.5, 13], "rotation": 180, "texture": "#1"}
			}
		}
	],
	"groups": [
		{
			"name": "crow",
			"origin": [8, 0, 4],
			"color": 0,
			"children": [
				0,
				1,
				2,
				3,
				{
					"name": "right_paw",
					"origin": [9, -4, 4.1],
					"color": 0,
					"children": [4]
				},
				{
					"name": "left_paw",
					"origin": [7, -4, 4.1],
					"color": 0,
					"children": [5]
				},
				{
					"name": "right_wing",
					"origin": [19, -0.5, 4],
					"color": 0,
					"children": [6, 7, 8]
				},
				{
					"name": "left_wing",
					"origin": [-3, -0.5, 4],
					"color": 0,
					"children": [9, 10, 11]
				},
				{
					"name": "head",
					"origin": [9, 1, 0],
					"color": 0,
					"children": [12, 13]
				}
			]
		}
	]
}