{
	"default_color": "7ac96e",
    "x_axis": "biome_id",
	"y_axis": "(0.5*(((floor(min(max(0.5+0.5*(0.7*noise(POS_X/72,POS_Z/72)+0.3*noise(POS_X/36,POS_Z/36)),0),0.9999)*3))*(1-((0.5+0.5*noise(POS_X/64,POS_Z/64))>0.85))*(1-((0.5+0.5*noise(POS_X/96,POS_Z/96))<(0.5*min(max((POS_Y-(84+2*(0.5+0.5*noise(POS_X/100,POS_Z/100))))/36,0),1))))+3*((0.5+0.5*noise(POS_X/64,POS_Z/64))>0.85)*(1-((0.5+0.5*noise(POS_X/96,POS_Z/96))<(0.5*min(max((POS_Y-(84+2*(0.5+0.5*noise(POS_X/100,POS_Z/100))))/36,0),1))))+4*((0.5+0.5*noise(POS_X/96,POS_Z/96))<(0.5*min(max((POS_Y-(84+2*(0.5+0.5*noise(POS_X/100,POS_Z/100))))/36,0),1)))+0.5)/5)+0.5*min(max(((0.5+0.5*noise(POS_X/800,POS_Z/800))-0.64)/0.01,0),1))",
	"biome_blend": true,

	
	"biome_id_mapper": {
		"minecraft:the_void": 0,
		"minecraft:plains": 1,
		"minecraft:sunflower_plains": 1,
		"minecraft:snowy_plains": 12,
		"minecraft:ice_spikes": 4,
		"minecraft:desert": 5,
		"minecraft:swamp": 2,
		"minecraft:mangrove_swamp": 3,
		"minecraft:forest": 1,
		"minecraft:flower_forest": 6,
		"minecraft:birch_forest": 11,
		"minecraft:dark_forest": 10,
		"minecraft:old_growth_birch_forest": 11,
		"minecraft:old_growth_pine_taiga": 12,
		"minecraft:old_growth_spruce_taiga": 12,
		"minecraft:taiga": 12,
		"minecraft:snowy_taiga": 12,
		"minecraft:savanna": 4,
		"minecraft:savanna_plateau": 4,
		"minecraft:windswept_hills": 12,
		"minecraft:windswept_gravelly_hills": 12,
		"minecraft:windswept_forest": 12,
		"minecraft:windswept_savanna": 4,
		"minecraft:jungle": 7,
		"minecraft:sparse_jungle": 7,
		"minecraft:bamboo_jungle": 7,
		"minecraft:badlands": 1,
		"minecraft:eroded_badlands": 1,
		"minecraft:wooded_badlands": 1,
		"minecraft:meadow": 5,
		"minecraft:cherry_grove": 8,
		"minecraft:grove": 5,
		"minecraft:snowy_slopes": 12,
		"minecraft:frozen_peaks": 12,
		"minecraft:jagged_peaks": 12,
		"minecraft:stony_peaks": 1,
		"minecraft:river": 1,
		"minecraft:frozen_river": 12,
		"minecraft:beach": 1,
		"minecraft:snowy_beach": 12,
		"minecraft:stony_shore": 1,
		"minecraft:warm_ocean": 1,
		"minecraft:lukewarm_ocean": 1,
		"minecraft:deep_lukewarm_ocean": 1,
		"minecraft:ocean": 1,
		"minecraft:deep_ocean": 1,
		"minecraft:cold_ocean": 12,
		"minecraft:deep_cold_ocean": 12,
		"minecraft:frozen_ocean": 12,
		"minecraft:deep_frozen_ocean": 12,
		"minecraft:mushroom_fields": 1,
		"minecraft:dripstone_caves": 1,
		"minecraft:lush_caves": 1,
		"minecraft:deep_dark": 1,
		"minecraft:pale_garden": 9,
		"texture_size": 256
	}
}