{
    "providers": [
        {"type": "space",
            "advances": {
                "\uEB00": -16
            }
        },
        {"type": "space",
            "advances": {
                "\uEB01": -8
            }
        },
        {"type": "space",
            "advances": {
                "\uEB02": -5
            }
        },
        {
            "type": "bitmap",
            "file": "minecraft:gui/container/overlay/chests/barrel.png",
            "ascent": 13,
            "height": 81,
            "chars": [
                "\uEA0B"
            ]
        },
        {
            "type": "bitmap",
            "file": "minecraft:gui/container/overlay/chests/ender.png",
            "ascent": 13,
            "height": 81,
            "chars": [
                "\uEA0C"
            ]
        },
        {
            "type": "bitmap",
            "file": "minecraft:gui/container/overlay/dispenser.png",
            "ascent": 13,
            "height": 78,
            "chars": [
                "\uEA0D"
            ]
        },
        {
            "type": "bitmap",
            "file": "minecraft:gui/container/overlay/horse/slot.png",
            "ascent": 0,
            "height": 26,
            "chars": [
                "\uEA10"
            ]
        },
        {
            "type": "bitmap",
            "file": "minecraft:gui/container/overlay/horse/llama_slot.png",
            "ascent": -18,
            "height": 26,
            "chars": [
                "\uEA11"
            ]
        },
        {
            "type": "bitmap",
            "file": "minecraft:gui/container/overlay/horse/twoslots.png",
            "ascent": 0,
            "height": 44,
            "chars": [
                "\uEA12"
            ]
        },
        {
            "type": "bitmap",
            "file": "minecraft:gui/container/overlay/horse/llama_slot.png",
            "ascent": -18,
            "height": 26,
            "chars": [
                "\uEA13"
            ]
        },
        {
            "type": "bitmap",
            "file": "minecraft:gui/container/overlay/minecart.png",
            "ascent": 21,
            "height": 96,
            "chars": [
                "\uEA00"
            ]
        },
        {
            "type": "bitmap",
            "file": "minecraft:gui/container/overlay/chest_boat/acacia.png",
            "ascent": 21,
            "height": 101,
            "chars": [
                "\uEA01"
            ]
        },
        {
            "type": "bitmap",
            "file": "minecraft:gui/container/overlay/chest_boat/birch.png",
            "ascent": 21,
            "height": 101,
            "chars": [
                "\uEA02"
            ]
        },
        {
            "type": "bitmap",
            "file": "minecraft:gui/container/overlay/chest_boat/cherry.png",
            "ascent": 21,
            "height": 101,
            "chars": [
                "\uEA03"
            ]
        },
        {
            "type": "bitmap",
            "file": "minecraft:gui/container/overlay/chest_boat/dark_oak.png",
            "ascent": 21,
            "height": 101,
            "chars": [
                "\uEA04"
            ]
        },
        {
            "type": "bitmap",
            "file": "minecraft:gui/container/overlay/chest_boat/jungle.png",
            "ascent": 21,
            "height": 101,
            "chars": [
                "\uEA05"
            ]
        },
        {
            "type": "bitmap",
            "file": "minecraft:gui/container/overlay/chest_boat/mangrove.png",
            "ascent": 21,
            "height": 101,
            "chars": [
                "\uEA06"
            ]
        },
        {
            "type": "bitmap",
            "file": "minecraft:gui/container/overlay/chest_boat/oak.png",
            "ascent": 21,
            "height": 101,
            "chars": [
                "\uEA07"
            ]
        },
        {
            "type": "bitmap",
            "file": "minecraft:gui/container/overlay/chest_boat/pale_oak.png",
            "ascent": 21,
            "height": 101,
            "chars": [
                "\uEA08"
            ]
        },
        {
            "type": "bitmap",
            "file": "minecraft:gui/container/overlay/chest_boat/spruce.png",
            "ascent": 21,
            "height": 101,
            "chars": [
                "\uEA09"
            ]
        },
        {
            "type": "bitmap",
            "file": "minecraft:gui/container/overlay/chest_boat/bamboo.png",
            "ascent": 21,
            "height": 96,
            "chars": [
                "\uEA0A"
            ]
        }
    ]
}