{
	"format_version": "1.21.6",
	"credit": "Made with Blockbench",
	"parent": "crow",
	"texture_size": [64, 64],
	"textures": {
		"0": "davidparticles:block/birds/vulture/vultures_0",
		"particle": "davidparticles:block/birds/vulture/vultures_0"
	},
	"elements": [
		{
			"name": "crow",
			"from": [5, 2.25, 4.875],
			"to": [11, 15.25, 10.875],
			"rotation": {"angle": 0, "axis": "y", "origin": [7.75, 4.8125, 8.875]},
			"faces": {
				"north": {"uv": [3.5, 7.5, 2, 4.25], "rotation": 180, "texture": "#0"},
				"east": {"uv": [2, 2.75, 5.25, 4.25], "rotation": 90, "texture": "#0"},
				"south": {"uv": [5, 4.25, 3.5, 7.5], "texture": "#0"},
				"west": {"uv": [5.25, 2.75, 2, 4.25], "rotation": 270, "texture": "#0"},
				"up": {"uv": [6.5, 4.5, 8, 6], "texture": "#0"},
				"down": {"uv": [6.5, 3, 8, 4.5], "rotation": 180, "texture": "#0"}
			}
		},
		{
			"name": "crow",
			"from": [2, 15.125, 5.25],
			"to": [14, 26.125, 5.25],
			"rotation": {"angle": 0, "axis": "y", "origin": [7.75, 5.3125, 8.875]},
			"faces": {
				"north": {"uv": [3, 2.75, 0, 0], "rotation": 180, "texture": "#0"},
				"east": {"uv": [0, 0, 2.75, 0], "rotation": 90, "texture": "#0"},
				"south": {"uv": [3, 0, 0, 2.75], "texture": "#0"},
				"west": {"uv": [0, 0, 2.75, 0], "rotation": 270, "texture": "#0"},
				"up": {"uv": [0, 0, 3, 0], "texture": "#0"},
				"down": {"uv": [0, 0, 3, 0], "rotation": 180, "texture": "#0"}
			}
		},
		{
			"name": "crow",
			"from": [4.25, 1.25, 4.375],
			"to": [11.25, 5.25, 11.375],
			"rotation": {"angle": 0, "axis": "y", "origin": [7.75, 4.8125, 8.875]},
			"faces": {
				"north": {"uv": [4.75, 2.75, 3, 1.75], "rotation": 180, "texture": "#0"},
				"east": {"uv": [6.75, 1.25, 7.75, 3], "rotation": 90, "texture": "#0"},
				"south": {"uv": [3.5, 7.5, 1.75, 8.5], "texture": "#0"},
				"west": {"uv": [6.5, 7.25, 7.5, 9], "rotation": 270, "texture": "#0"},
				"up": {"uv": [0, 6, 1.75, 7.75], "texture": "#0"},
				"down": {"uv": [3, 0, 4.75, 1.75], "rotation": 180, "texture": "#0"}
			}
		},
		{
			"name": "crow",
			"from": [8.5, 11.75, 8.875],
			"to": [11.5, 15.75, 12.875],
			"rotation": {"angle": 0, "axis": "y", "origin": [7.75, 4.8125, 8.875]},
			"faces": {
				"north": {"uv": [8.25, 9.25, 7.5, 8.25], "rotation": 180, "texture": "#0"},
				"east": {"uv": [8, 4.25, 9, 5.25], "rotation": 90, "texture": "#0"},
				"south": {"uv": [9, 8.25, 8.25, 9.25], "texture": "#0"},
				"west": {"uv": [8, 5.25, 9, 6.25], "rotation": 270, "texture": "#0"},
				"up": {"uv": [8.25, 0, 9, 1], "texture": "#0"},
				"down": {"uv": [8, 6.25, 8.75, 7.25], "rotation": 180, "texture": "#0"}
			}
		},
		{
			"name": "crow",
			"from": [8.5, 15.75, 12.875],
			"to": [11.5, 19.75, 12.875],
			"rotation": {"angle": 0, "axis": "y", "origin": [7.75, 4.8125, 8.875]},
			"faces": {
				"north": {"uv": [6.25, 9.75, 5.5, 8.75], "rotation": 180, "texture": "#0"},
				"east": {"uv": [0, 0, 1, 0], "rotation": 90, "texture": "#0"},
				"south": {"uv": [9.5, 6.25, 8.75, 7.25], "texture": "#0"},
				"west": {"uv": [0, 0, 1, 0], "rotation": 270, "texture": "#0"},
				"up": {"uv": [0, 0, 0.75, 0], "texture": "#0"},
				"down": {"uv": [0, 0, 0.75, 0], "rotation": 180, "texture": "#0"}
			}
		},
		{
			"name": "crow",
			"from": [4.5, 11.75, 8.875],
			"to": [7.5, 15.75, 12.875],
			"rotation": {"angle": 0, "axis": "y", "origin": [7.75, 4.8125, 8.875]},
			"faces": {
				"north": {"uv": [8.25, 8.25, 7.5, 9.25], "rotation": 180, "texture": "#0"},
				"east": {"uv": [9, 5.25, 8, 6.25], "rotation": 90, "texture": "#0"},
				"south": {"uv": [9, 8.25, 8.25, 9.25], "texture": "#0"},
				"west": {"uv": [9, 4.25, 8, 5.25], "rotation": 270, "texture": "#0"},
				"up": {"uv": [9, 0, 8.25, 1], "texture": "#0"},
				"down": {"uv": [8.75, 6.25, 8, 7.25], "rotation": 180, "texture": "#0"}
			}
		},
		{
			"name": "crow",
			"from": [4.5, 15.75, 12.875],
			"to": [7.5, 19.75, 12.875],
			"rotation": {"angle": 0, "axis": "y", "origin": [7.75, 4.8125, 8.875]},
			"faces": {
				"north": {"uv": [6.25, 9.75, 5.5, 8.75], "rotation": 180, "texture": "#0"},
				"east": {"uv": [0, 0, 1, 0], "rotation": 90, "texture": "#0"},
				"south": {"uv": [9.5, 6.25, 8.75, 7.25], "texture": "#0"},
				"west": {"uv": [0, 0, 1, 0], "rotation": 270, "texture": "#0"},
				"up": {"uv": [0, 0, 0.75, 0], "texture": "#0"},
				"down": {"uv": [0, 0, 0.75, 0], "rotation": 180, "texture": "#0"}
			}
		},
		{
			"from": [10.5, 2.25, 4.875],
			"to": [16.5, 14.25, 4.875],
			"rotation": {"angle": 0, "axis": "y", "origin": [7.75, 4.8125, 8.875]},
			"faces": {
				"north": {"uv": [6.75, 3, 5.25, 0], "rotation": 180, "texture": "#0"},
				"east": {"uv": [0, 0, 3, 0], "rotation": 90, "texture": "#0"},
				"south": {"uv": [5.25, 0, 6.75, 3], "texture": "#0"},
				"west": {"uv": [0, 0, 3, 0], "rotation": 270, "texture": "#0"},
				"up": {"uv": [0, 0, 1.5, 0], "texture": "#0"},
				"down": {"uv": [0, 0, 1.5, 0], "rotation": 180, "texture": "#0"}
			}
		},
		{
			"from": [16.5, 2.25, 4.875],
			"to": [22.5, 15.25, 4.875],
			"rotation": {"angle": 0, "axis": "y", "origin": [7.75, 4.8125, 8.875]},
			"faces": {
				"north": {"uv": [6.5, 7.5, 5, 4.25], "rotation": 180, "texture": "#0"},
				"east": {"uv": [0, 0, 3, 0], "rotation": 90, "texture": "#0"},
				"south": {"uv": [6.5, 4.25, 5, 7.5], "texture": "#0"},
				"west": {"uv": [0, 0, 3, 0], "rotation": 270, "texture": "#0"},
				"up": {"uv": [0, 0, 1.5, 0], "texture": "#0"},
				"down": {"uv": [0, 0, 1.5, 0], "rotation": 180, "texture": "#0"}
			}
		},
		{
			"from": [22.5, 2.25, 4.875],
			"to": [30.5, 15.25, 4.875],
			"rotation": {"angle": 0, "axis": "y", "origin": [7.75, 4.8125, 8.875]},
			"faces": {
				"north": {"uv": [2, 6, 0, 2.75], "rotation": 180, "texture": "#0"},
				"east": {"uv": [0, 0, 3.25, 0], "rotation": 90, "texture": "#0"},
				"south": {"uv": [2, 2.75, 0, 6], "texture": "#0"},
				"west": {"uv": [0, 0, 3.25, 0], "rotation": 270, "texture": "#0"},
				"up": {"uv": [0, 0, 2, 0], "texture": "#0"},
				"down": {"uv": [0, 0, 2, 0], "rotation": 180, "texture": "#0"}
			}
		},
		{
			"from": [-1, 2.25, 4.875],
			"to": [5, 14.25, 4.875],
			"rotation": {"angle": 0, "axis": "y", "origin": [7.75, 4.8125, 8.875]},
			"faces": {
				"north": {"uv": [5.25, 3, 6.75, 0], "rotation": 180, "texture": "#0"},
				"east": {"uv": [0, 0, 3, 0], "rotation": 90, "texture": "#0"},
				"south": {"uv": [6.75, 0, 5.25, 3], "texture": "#0"},
				"west": {"uv": [0, 0, 3, 0], "rotation": 270, "texture": "#0"},
				"up": {"uv": [0, 0, 1.5, 0], "texture": "#0"},
				"down": {"uv": [0, 0, 1.5, 0], "rotation": 180, "texture": "#0"}
			}
		},
		{
			"from": [-7, 2.25, 4.875],
			"to": [-1, 15.25, 4.875],
			"rotation": {"angle": 0, "axis": "y", "origin": [7.75, 4.8125, 8.875]},
			"faces": {
				"north": {"uv": [5, 7.5, 6.5, 4.25], "rotation": 180, "texture": "#0"},
				"east": {"uv": [0, 0, 3, 0], "rotation": 90, "texture": "#0"},
				"south": {"uv": [5, 4.25, 6.5, 7.5], "texture": "#0"},
				"west": {"uv": [0, 0, 3, 0], "rotation": 270, "texture": "#0"},
				"up": {"uv": [0, 0, 1.5, 0], "texture": "#0"},
				"down": {"uv": [0, 0, 1.5, 0], "rotation": 180, "texture": "#0"}
			}
		},
		{
			"from": [-15, 2.25, 4.875],
			"to": [-7, 15.25, 4.875],
			"rotation": {"angle": 0, "axis": "y", "origin": [7.75, 4.8125, 8.875]},
			"faces": {
				"north": {"uv": [0, 6, 2, 2.75], "rotation": 180, "texture": "#0"},
				"east": {"uv": [0, 0, 3.25, 0], "rotation": 90, "texture": "#0"},
				"south": {"uv": [0, 2.75, 2, 6], "texture": "#0"},
				"west": {"uv": [0, 0, 3.25, 0], "rotation": 270, "texture": "#0"},
				"up": {"uv": [0, 0, 2, 0], "texture": "#0"},
				"down": {"uv": [0, 0, 2, 0], "rotation": 180, "texture": "#0"}
			}
		},
		{
			"name": "crow",
			"from": [5.75, -8.5, 4.375],
			"to": [9.75, -2.5, 9.375],
			"rotation": {"angle": 0, "axis": "y", "origin": [7.75, 4.8125, 8.875]},
			"faces": {
				"north": {"uv": [4.5, 9, 3.5, 7.5], "rotation": 180, "texture": "#0"},
				"east": {"uv": [6.5, 6, 8, 7.25], "rotation": 90, "texture": "#0"},
				"south": {"uv": [5.5, 7.5, 4.5, 9], "texture": "#0"},
				"west": {"uv": [6.75, 0, 8.25, 1.25], "rotation": 270, "texture": "#0"},
				"up": {"uv": [5.5, 7.5, 6.5, 8.75], "texture": "#0"},
				"down": {"uv": [5.25, 3, 6.25, 4.25], "rotation": 180, "texture": "#0"}
			}
		},
		{
			"name": "crow",
			"from": [6.25, -12.5, 6.375],
			"to": [9.25, -8.5, 9.375],
			"rotation": {"angle": 0, "axis": "y", "origin": [7.75, 4.8125, 8.875]},
			"faces": {
				"north": {"uv": [0.75, 9.75, 0, 8.75], "rotation": 180, "texture": "#0"},
				"east": {"uv": [8.5, 2, 9.5, 2.75], "rotation": 90, "texture": "#0"},
				"south": {"uv": [1.5, 8.75, 0.75, 9.75], "texture": "#0"},
				"west": {"uv": [2.25, 8.5, 3.25, 9.25], "rotation": 270, "texture": "#0"},
				"up": {"uv": [8.75, 3.5, 9.5, 4.25], "texture": "#0"},
				"down": {"uv": [8.75, 2.75, 9.5, 3.5], "rotation": 180, "texture": "#0"}
			}
		},
		{
			"name": "crow",
			"from": [6.25, -3.61041, 8.09044],
			"to": [9.25, 2.38959, 12.09044],
			"rotation": {"angle": 0, "axis": "y", "origin": [7.75, 4.8125, 8.875]},
			"faces": {
				"north": {"uv": [8.5, 2.75, 7.75, 1.25], "rotation": 180, "texture": "#0"},
				"east": {"uv": [7.5, 7.25, 9, 8.25], "rotation": 90, "texture": "#0"},
				"south": {"uv": [8.75, 2.75, 8, 4.25], "texture": "#0"},
				"west": {"uv": [0, 7.75, 1.5, 8.75], "rotation": 270, "texture": "#0"},
				"up": {"uv": [1.5, 8.5, 2.25, 9.5], "texture": "#0"},
				"down": {"uv": [8.5, 1, 9.25, 2], "rotation": 180, "texture": "#0"}
			}
		}
	],
	"groups": [
		{
			"name": "vultures",
			"origin": [8, 0, 4],
			"color": 0,
			"children": [
				0,
				1,
				2,
				{
					"name": "right_paw",
					"origin": [9, -4, 4.1],
					"color": 0,
					"children": [3, 4]
				},
				{
					"name": "left_paw",
					"origin": [7, -4, 4.1],
					"color": 0,
					"children": [5, 6]
				},
				{
					"name": "right_wing",
					"origin": [19, -0.5, 4],
					"color": 0,
					"children": [7, 8, 9]
				},
				{
					"name": "left_wing",
					"origin": [-3, -0.5, 4],
					"color": 0,
					"children": [10, 11, 12]
				},
				{
					"name": "head",
					"origin": [9, 1, 0],
					"color": 0,
					"children": [
						13,
						14,
						{
							"name": "group",
							"origin": [7.25, 9, -1],
							"color": 0,
							"children": [15]
						}
					]
				}
			]
		}
	]
}