{
	"parent": "item/generated",
	"textures": {
		"layer0": "item/jungle_door"
	},
	"display": {
		"thirdperson_righthand": {
			"rotation": [ 0, 90, 0 ],
			"translation": [ -1.3, 0, 4 ],
			"scale": [ 1.4, 1.4, 1.7 ]
		},
		"thirdperson_lefthand": {
			"rotation": [ 0, 90, 0 ],
			"translation": [ -1.3, 0, 4 ],
			"scale": [ 1.4, 1.4, 1.7 ]
		},
		"firstperson_righthand": {
			"rotation": [ 0, 90, 0 ],
			"translation": [ 0, 5, 0 ],
			"scale": [ 1, 1, 1.3 ]
		},
		"firstperson_lefthand": {
			"rotation": [ 0, 90, 0 ],
			"translation": [ 0, 5, 0 ],
			"scale": [ 1, 1, 1.3 ]
		},
		"gui": {
			"rotation": [ 30, -45, 0 ],
			"scale": [ 0.9, 0.9, 1.2 ]
		},
		"ground": {
			"translation": [ 0, 3, 0 ],
			"scale": [ 0.5, 0.5, 0.5 ]
		}
	}
}