{
  "model": {
    "type": "minecraft:select",
    "property": "minecraft:component",
    "component": "minecraft:potion_contents",
    "cases": [
      {
        "when": {
          "potion": "minecraft:awkward"
        },
        "model": {
          "type": "minecraft:model",
          "model": "minecraft:item/awkward_potion"
        }
      },
      {
        "when": {
          "potion": "minecraft:fire_resistance"
        },
        "model": {
          "type": "minecraft:model",
          "model": "minecraft:item/fire_resistance_potion"
        }
      },
      {
        "when": {
          "potion": "minecraft:harming"
        },
        "model": {
          "type": "minecraft:model",
          "model": "minecraft:item/harming_potion"
        }
      },
      {
        "when": {
          "potion": "minecraft:healing"
        },
        "model": {
          "type": "minecraft:model",
          "model": "minecraft:item/healing_potion"
        }
      },
      {
        "when": {
          "potion": "minecraft:infested"
        },
        "model": {
          "type": "minecraft:model",
          "model": "minecraft:item/infested_potion"
        }
      },
      {
        "when": {
          "potion": "minecraft:invisibility"
        },
        "model": {
          "type": "minecraft:model",
          "model": "minecraft:item/invisibility_potion"
        }
      },
      {
        "when": {
          "potion": "minecraft:leaping"
        },
        "model": {
          "type": "minecraft:model",
          "model": "minecraft:item/leaping_potion"
        }
      },
      {
        "when": {
          "potion": "minecraft:long_fire_resistance"
        },
        "model": {
          "type": "minecraft:model",
          "model": "minecraft:item/long_fire_resistance_potion"
        }
      },
      {
        "when": {
          "potion": "minecraft:long_invisibility"
        },
        "model": {
          "type": "minecraft:model",
          "model": "minecraft:item/long_invisibility_potion"
        }
      },
      {
        "when": {
          "potion": "minecraft:long_leaping"
        },
        "model": {
          "type": "minecraft:model",
          "model": "minecraft:item/long_leaping_potion"
        }
      },
      {
        "when": {
          "potion": "minecraft:long_night_vision"
        },
        "model": {
          "type": "minecraft:model",
          "model": "minecraft:item/long_night_vision_potion"
        }
      },
      {
        "when": {
          "potion": "minecraft:long_poison"
        },
        "model": {
          "type": "minecraft:model",
          "model": "minecraft:item/long_poison_potion"
        }
      },
      {
        "when": {
          "potion": "minecraft:long_regeneration"
        },
        "model": {
          "type": "minecraft:model",
          "model": "minecraft:item/long_regeneration_potion"
        }
      },
      {
        "when": {
          "potion": "minecraft:long_slow_falling"
        },
        "model": {
          "type": "minecraft:model",
          "model": "minecraft:item/long_slow_falling_potion"
        }
      },
      {
        "when": {
          "potion": "minecraft:long_slowness"
        },
        "model": {
          "type": "minecraft:model",
          "model": "minecraft:item/long_slowness_potion"
        }
      },
      {
        "when": {
          "potion": "minecraft:long_strength"
        },
        "model": {
          "type": "minecraft:model",
          "model": "minecraft:item/long_strength_potion"
        }
      },
      {
        "when": {
          "potion": "minecraft:long_swiftness"
        },
        "model": {
          "type": "minecraft:model",
          "model": "minecraft:item/long_swiftness_potion"
        }
      },
      {
        "when": {
          "potion": "minecraft:long_turtle_master"
        },
        "model": {
          "type": "minecraft:model",
          "model": "minecraft:item/long_turtle_master_potion"
        }
      },
      {
        "when": {
          "potion": "minecraft:long_water_breathing"
        },
        "model": {
          "type": "minecraft:model",
          "model": "minecraft:item/long_water_breathing_potion"
        }
      },
      {
        "when": {
          "potion": "minecraft:luck"
        },
        "model": {
          "type": "minecraft:model",
          "model": "minecraft:item/luck_potion"
        }
      },
      {
        "when": {
          "potion": "minecraft:mundane"
        },
        "model": {
          "type": "minecraft:model",
          "model": "minecraft:item/mundane_potion"
        }
      },
      {
        "when": {
          "potion": "minecraft:night_vision"
        },
        "model": {
          "type": "minecraft:model",
          "model": "minecraft:item/night_vision_potion"
        }
      },
      {
        "when": {
          "potion": "minecraft:oozing"
        },
        "model": {
          "type": "minecraft:model",
          "model": "minecraft:item/oozing_potion"
        }
      },
      {
        "when": {
          "potion": "minecraft:poison"
        },
        "model": {
          "type": "minecraft:model",
          "model": "minecraft:item/poison_potion"
        }
      },
      {
        "when": {
          "potion": "minecraft:regeneration"
        },
        "model": {
          "type": "minecraft:model",
          "model": "minecraft:item/regeneration_potion"
        }
      },
      {
        "when": {
          "potion": "minecraft:slow_falling"
        },
        "model": {
          "type": "minecraft:model",
          "model": "minecraft:item/slow_falling_potion"
        }
      },
      {
        "when": {
          "potion": "minecraft:slowness"
        },
        "model": {
          "type": "minecraft:model",
          "model": "minecraft:item/slowness_potion"
        }
      },
      {
        "when": {
          "potion": "minecraft:strength"
        },
        "model": {
          "type": "minecraft:model",
          "model": "minecraft:item/strength_potion"
        }
      },
      {
        "when": {
          "potion": "minecraft:strong_harming"
        },
        "model": {
          "type": "minecraft:model",
          "model": "minecraft:item/strong_harming_potion"
        }
      },
      {
        "when": {
          "potion": "minecraft:strong_healing"
        },
        "model": {
          "type": "minecraft:model",
          "model": "minecraft:item/strong_healing_potion"
        }
      },
      {
        "when": {
          "potion": "minecraft:strong_leaping"
        },
        "model": {
          "type": "minecraft:model",
          "model": "minecraft:item/strong_leaping_potion"
        }
      },
      {
        "when": {
          "potion": "minecraft:strong_poison"
        },
        "model": {
          "type": "minecraft:model",
          "model": "minecraft:item/strong_poison_potion"
        }
      },
      {
        "when": {
          "potion": "minecraft:strong_regeneration"
        },
        "model": {
          "type": "minecraft:model",
          "model": "minecraft:item/strong_regeneration_potion"
        }
      },
      {
        "when": {
          "potion": "minecraft:strong_slowness"
        },
        "model": {
          "type": "minecraft:model",
          "model": "minecraft:item/strong_slowness_potion"
        }
      },
      {
        "when": {
          "potion": "minecraft:strong_strength"
        },
        "model": {
          "type": "minecraft:model",
          "model": "minecraft:item/strong_strength_potion"
        }
      },
      {
        "when": {
          "potion": "minecraft:strong_swiftness"
        },
        "model": {
          "type": "minecraft:model",
          "model": "minecraft:item/strong_swiftness_potion"
        }
      },
      {
        "when": {
          "potion": "minecraft:swiftness"
        },
        "model": {
          "type": "minecraft:model",
          "model": "minecraft:item/swiftness_potion"
        }
      },
      {
        "when": {
          "potion": "minecraft:thick"
        },
        "model": {
          "type": "minecraft:model",
          "model": "minecraft:item/thick_potion"
        }
      },
      {
        "when": {
          "potion": "minecraft:turtle_master"
        },
        "model": {
          "type": "minecraft:model",
          "model": "minecraft:item/turtle_master_potion"
        }
      },
      {
        "when": {
          "potion": "minecraft:water"
        },
        "model": {
          "type": "minecraft:model",
          "model": "minecraft:item/water_potion"
        }
      },
      {
        "when": {
          "potion": "minecraft:water_breathing"
        },
        "model": {
          "type": "minecraft:model",
          "model": "minecraft:item/water_breathing_potion"
        }
      },
      {
        "when": {
          "potion": "minecraft:weakness"
        },
        "model": {
          "type": "minecraft:model",
          "model": "minecraft:item/weakness_potion"
        }
      },
      {
        "when": {
          "potion": "minecraft:weaving"
        },
        "model": {
          "type": "minecraft:model",
          "model": "minecraft:item/weaving_potion"
        }
      },
      {
        "when": {
          "potion": "minecraft:wind_charged"
        },
        "model": {
          "type": "minecraft:model",
          "model": "minecraft:item/wind_charged_potion"
        }
      }
    ],
    "fallback": {
      "type": "minecraft:model",
      "model": "minecraft:item/water_potion"
    }
  }
}