{
  "initializer": {
    "lifetime": "20",
    "alpha": "0",
    "size": "0"
  },
  "ticker": {
    "remove_condition": "sqrt(DISTANCE_SQUARED) > 15"
  },
  "particle_emitters": [
    {
      "particle": "davidparticles:redstone_block_glow",
      "chance": "(AGE == 1) + (AGE == LIFETIME)", 
      "x": "0.0",
      "y": "0.0",
      "z": "0.0",
      "state_predicate": {
        "predicate_type": "block_match",
        "block": "minecraft:redstone_block"
      }
    },
    {
      "particle": "davidparticles:lantern_glow",
      "chance": "(AGE == 1) + (AGE == LIFETIME)", 
      "x": "0.0",
      "y": "0.0",
      "z": "0.0",
      "state_predicate": {
        "predicate_type": "block_match",
        "block": "minecraft:lantern"
      }
    },
    {
      "particle": "davidparticles:lantern_soul_glow",
      "chance": "(AGE == 1) + (AGE == LIFETIME)", 
      "x": "0.0",
      "y": "0.0",
      "z": "0.0",
      "state_predicate": {
        "predicate_type": "block_match",
        "block": "minecraft:soul_lantern"
      }
    },
    {
      "particle": "davidparticles:sea_lantern_glow",
      "chance": "(AGE == 1) + (AGE == LIFETIME)", 
      "x": "0.0",
      "y": "0.0",
      "z": "0.0",
      "state_predicate": {
        "predicate_type": "block_match",
        "block": "minecraft:sea_lantern"
      }
    },
    {
      "particle": "davidparticles:redstone_lamp_glow",
      "chance": "(AGE == 1) + (AGE == LIFETIME)", 
      "x": "0.0",
      "y": "0.0",
      "z": "0.0",
      "state_predicate": {
       "predicate_type": "blockstate_match",
       "block_state": 
         {
           "Name": "minecraft:redstone_lamp",
           "Properties": {
           "lit": "true"
           }
         }
     }
    },
    {
      "particle": "davidparticles:magma_glow",
      "chance": "(AGE == 1) + (AGE == LIFETIME)", 
      "x": "0.0",
      "y": "0.0",
      "z": "0.0",
      "state_predicate": {
        "predicate_type": "block_match",
        "block": "minecraft:magma_block"
      }
    },
    {
      "particle": "davidparticles:jack_o_lantern_glow_north",
      "chance": "(AGE == 1) + (AGE == LIFETIME)", 
      "x": "0.0",
      "y": "0.0",
      "z": "0.0",
      "state_predicate": {
       "predicate_type": "blockstate_match",
       "block_state": 
         {
           "Name": "minecraft:jack_o_lantern",
           "Properties": {
           "facing": "north"
           }
         }
     }
    },
    {
      "particle": "davidparticles:jack_o_lantern_glow_south",
      "chance": "(AGE == 1) + (AGE == LIFETIME)", 
      "x": "0.0",
      "y": "0.0",
      "z": "0.0",
      "state_predicate": {
       "predicate_type": "blockstate_match",
       "block_state": 
         {
           "Name": "minecraft:jack_o_lantern",
           "Properties": {
           "facing": "south"
           }
         }
     }
    },
    {
      "particle": "davidparticles:jack_o_lantern_glow_east",
      "chance": "(AGE == 1) + (AGE == LIFETIME)", 
      "x": "0.0",
      "y": "0.0",
      "z": "0.0",
      "state_predicate": {
       "predicate_type": "blockstate_match",
       "block_state": 
         {
           "Name": "minecraft:jack_o_lantern",
           "Properties": {
           "facing": "east"
           }
         }
     }
    },
    {
      "particle": "davidparticles:jack_o_lantern_glow_west",
      "chance": "(AGE == 1) + (AGE == LIFETIME)", 
      "x": "0.0",
      "y": "0.0",
      "z": "0.0",
      "state_predicate": {
       "predicate_type": "blockstate_match",
       "block_state": 
         {
           "Name": "minecraft:jack_o_lantern",
           "Properties": {
           "facing": "west"
           }
         }
     }
    },
    {
      "particle": "davidparticles:redstone_lamp_glow",
      "chance": "(AGE == 1) + (AGE == LIFETIME)", 
      "x": "0.0",
      "y": "0.0",
      "z": "0.0",
      "state_predicate": {
        "predicate_type": "block_match",
        "block": "minecraft:glowstone"
      }
    },

    {
      "particle": "davidparticles:sea_lantern_glow",
      "chance": "(AGE == 1) + (AGE == LIFETIME)", 
      "x": "0.0",
      "y": "0.0",
      "z": "0.0",
      "state_predicate": {
        "predicate_type": "block_match",
        "block": "minecraft:ochre_froglight"
      }
    },
    {
      "particle": "davidparticles:sea_lantern_glow",
      "chance": "(AGE == 1) + (AGE == LIFETIME)", 
      "x": "0.0",
      "y": "0.0",
      "z": "0.0",
      "state_predicate": {
        "predicate_type": "block_match",
        "block": "minecraft:verdant_froglight"
      }
    },
    {
      "particle": "davidparticles:sea_lantern_glow",
      "chance": "(AGE == 1) + (AGE == LIFETIME)", 
      "x": "0.0",
      "y": "0.0",
      "z": "0.0",
      "state_predicate": {
        "predicate_type": "block_match",
        "block": "minecraft:pearlescent_froglight"
      }
    },
    {
      "particle": "davidparticles:shroomlight_glow",
      "chance": "(AGE == 1) + (AGE == LIFETIME)", 
      "x": "0.0",
      "y": "0.0",
      "z": "0.0",
      "state_predicate": {
        "predicate_type": "block_match",
        "block": "minecraft:shroomlight"
      }
    },

    {
      "particle": "davidparticles:shroomlight_glow",
      "chance": "(AGE == 1) + (AGE == LIFETIME)",
      "x": "0.0",
      "y": "0.0",
      "z": "0.0",
      "state_predicate": {
        "predicate_type": "blockstate_match",
        "block_state": {
          "Name": "minecraft:copper_bulb",
          "Properties": { "lit": "true", "powered": "true" }
        }
      }
    },
    {
      "particle": "davidparticles:shroomlight_glow",
      "chance": "(AGE == 1) + (AGE == LIFETIME)",
      "x": "0.0",
      "y": "0.0",
      "z": "0.0",
      "state_predicate": {
        "predicate_type": "blockstate_match",
        "block_state": {
          "Name": "minecraft:copper_bulb",
          "Properties": { "lit": "true", "powered": "false" }
        }
      }
    },
    {
      "particle": "davidparticles:shroomlight_glow",
      "chance": "(AGE == 1) + (AGE == LIFETIME)",
      "x": "0.0",
      "y": "0.0",
      "z": "0.0",
      "state_predicate": {
        "predicate_type": "blockstate_match",
        "block_state": {
          "Name": "minecraft:exposed_copper_bulb",
          "Properties": { "lit": "true", "powered": "true" }
        }
      }
    },
    {
      "particle": "davidparticles:shroomlight_glow",
      "chance": "(AGE == 1) + (AGE == LIFETIME)",
      "x": "0.0",
      "y": "0.0",
      "z": "0.0",
      "state_predicate": {
        "predicate_type": "blockstate_match",
        "block_state": {
          "Name": "minecraft:exposed_copper_bulb",
          "Properties": { "lit": "true", "powered": "false" }
        }
      }
    },
    {
      "particle": "davidparticles:shroomlight_glow",
      "chance": "(AGE == 1) + (AGE == LIFETIME)",
      "x": "0.0",
      "y": "0.0",
      "z": "0.0",
      "state_predicate": {
        "predicate_type": "blockstate_match",
        "block_state": {
          "Name": "minecraft:weathered_copper_bulb",
          "Properties": { "lit": "true", "powered": "true" }
        }
      }
    },
    {
      "particle": "davidparticles:shroomlight_glow",
      "chance": "(AGE == 1) + (AGE == LIFETIME)",
      "x": "0.0",
      "y": "0.0",
      "z": "0.0",
      "state_predicate": {
        "predicate_type": "blockstate_match",
        "block_state": {
          "Name": "minecraft:weathered_copper_bulb",
          "Properties": { "lit": "true", "powered": "false" }
        }
      }
    },
    {
      "particle": "davidparticles:shroomlight_glow",
      "chance": "(AGE == 1) + (AGE == LIFETIME)",
      "x": "0.0",
      "y": "0.0",
      "z": "0.0",
      "state_predicate": {
        "predicate_type": "blockstate_match",
        "block_state": {
          "Name": "minecraft:oxidized_copper_bulb",
          "Properties": { "lit": "true", "powered": "true" }
        }
      }
    },
    {
      "particle": "davidparticles:shroomlight_glow",
      "chance": "(AGE == 1) + (AGE == LIFETIME)",
      "x": "0.0",
      "y": "0.0",
      "z": "0.0",
      "state_predicate": {
        "predicate_type": "blockstate_match",
        "block_state": {
          "Name": "minecraft:oxidized_copper_bulb",
          "Properties": { "lit": "true", "powered": "false" }
        }
      }
    },
    {
      "particle": "davidparticles:shroomlight_glow",
      "chance": "(AGE == 1) + (AGE == LIFETIME)",
      "x": "0.0",
      "y": "0.0",
      "z": "0.0",
      "state_predicate": {
        "predicate_type": "blockstate_match",
        "block_state": {
          "Name": "minecraft:waxed_copper_bulb",
          "Properties": { "lit": "true", "powered": "true" }
        }
      }
    },
    {
      "particle": "davidparticles:shroomlight_glow",
      "chance": "(AGE == 1) + (AGE == LIFETIME)",
      "x": "0.0",
      "y": "0.0",
      "z": "0.0",
      "state_predicate": {
        "predicate_type": "blockstate_match",
        "block_state": {
          "Name": "minecraft:waxed_copper_bulb",
          "Properties": { "lit": "true", "powered": "false" }
        }
      }
    },
    {
      "particle": "davidparticles:shroomlight_glow",
      "chance": "(AGE == 1) + (AGE == LIFETIME)",
      "x": "0.0",
      "y": "0.0",
      "z": "0.0",
      "state_predicate": {
        "predicate_type": "blockstate_match",
        "block_state": {
          "Name": "minecraft:waxed_exposed_copper_bulb",
          "Properties": { "lit": "true", "powered": "true" }
        }
      }
    },
    {
      "particle": "davidparticles:shroomlight_glow",
      "chance": "(AGE == 1) + (AGE == LIFETIME)",
      "x": "0.0",
      "y": "0.0",
      "z": "0.0",
      "state_predicate": {
        "predicate_type": "blockstate_match",
        "block_state": {
          "Name": "minecraft:waxed_exposed_copper_bulb",
          "Properties": { "lit": "true", "powered": "false" }
        }
      }
    },
    {
      "particle": "davidparticles:shroomlight_glow",
      "chance": "(AGE == 1) + (AGE == LIFETIME)",
      "x": "0.0",
      "y": "0.0",
      "z": "0.0",
      "state_predicate": {
        "predicate_type": "blockstate_match",
        "block_state": {
          "Name": "minecraft:waxed_weathered_copper_bulb",
          "Properties": { "lit": "true", "powered": "true" }
        }
      }
    },
    {
      "particle": "davidparticles:shroomlight_glow",
      "chance": "(AGE == 1) + (AGE == LIFETIME)",
      "x": "0.0",
      "y": "0.0",
      "z": "0.0",
      "state_predicate": {
        "predicate_type": "blockstate_match",
        "block_state": {
          "Name": "minecraft:waxed_weathered_copper_bulb",
          "Properties": { "lit": "true", "powered": "false" }
        }
      }
    },
    {
      "particle": "davidparticles:shroomlight_glow",
      "chance": "(AGE == 1) + (AGE == LIFETIME)",
      "x": "0.0",
      "y": "0.0",
      "z": "0.0",
      "state_predicate": {
        "predicate_type": "blockstate_match",
        "block_state": {
          "Name": "minecraft:waxed_oxidized_copper_bulb",
          "Properties": { "lit": "true", "powered": "true" }
        }
      }
    },
    {
      "particle": "davidparticles:shroomlight_glow",
      "chance": "(AGE == 1) + (AGE == LIFETIME)",
      "x": "0.0",
      "y": "0.0",
      "z": "0.0",
      "state_predicate": {
        "predicate_type": "blockstate_match",
        "block_state": {
          "Name": "minecraft:waxed_oxidized_copper_bulb",
          "Properties": { "lit": "true", "powered": "false" }
        }
      }
    }
  ],
  "tick_rate": 1,
  "has_physics": false,
  "offset": [0, -0.1, 0],
  "liquid_affinity": "any",
  "exclusion_radius": 1
}