{
        "initializer":{
          "lifetime": "40",
          "alpha": "0",
          "size": "0.5",
          "red": "0.0078",
          "green": "0.9254",
          "blue": "1"
        },
        "ticker": {
          "alpha": "(0.3 - (RAIN > 0.4)*0.15) * sin( (pi/LIFETIME) * AGE)"
        },
        "liquid_affinity": "non_liquids",
        "has_physics": false,
        "render_type": "additive_translucent",
        "exclusion_radius": 0,
        "lit": true,
        "light_level": 15
}