{
  "initializer": {
    "lifetime": "20",
    "alpha": "1",
    "size": "0.075"
  },
  "ticker": {
  },
  "tick_rate": 1,
  "has_physics": true,
  "render_type": "invisible",
  "hitbox_size": 0,
  "offset": [0, 0, 0],
  "liquid_affinity": "non_liquids",
  "exclusion_radius": 0,
  "particle_emitters": [
    {
      "particle": "davidparticles:lightrays",
      "chance": "1/5 * (SKY_LIGHT == 14) * ( (DAY_TIME % 24000) < 12000 ) * ( (DAY_TIME % 24000) > 500 ) * (RAIN == 0)", 
      "x": "0",
      "y": "0",
      "z": "0",
      "state_predicate": {
        "predicate_type": "block_match",
        "block": "minecraft:air"
      }
    },
    {
      "particle": "davidparticles:lightrays",
      "chance": "1/50 * (SKY_LIGHT == 15) * ( (DAY_TIME % 24000) < 12000 ) * ( (DAY_TIME % 24000) > 500 ) * (RAIN == 0)", 
      "x": "0",
      "y": "0",
      "z": "0",
      "state_predicate": {
        "predicate_type": "block_match",
        "block": "minecraft:air"
      }
    },


    {
      "particle": "davidparticles:lightrays_night",
      "chance": "1/5 * (SKY_LIGHT == 14) * ( (DAY_TIME % 24000) > 13500 ) * ( (DAY_TIME % 24000) < 23500 )", 
      "x": "0",
      "y": "0",
      "z": "0",
      "state_predicate": {
        "predicate_type": "block_match",
        "block": "minecraft:air"
      }
    },
    {
      "particle": "davidparticles:lightrays_night",
      "chance": "1/500 * (SKY_LIGHT == 15) * ( (DAY_TIME % 24000) > 13500 ) * ( (DAY_TIME % 24000) < 23500 )", 
      "x": "0",
      "y": "0",
      "z": "0",
      "state_predicate": {
        "predicate_type": "block_match",
        "block": "minecraft:air"
      }
    }
  ]
}