{
        "initializer":{
          "lifetime": "40",
          "alpha": "0",
          "size": "1",
          "red": "1",
          "green": "1",
          "blue": "1"
        },
        "ticker": {
          "alpha": "((0.35) * sin(((pi/LIFETIME) * AGE)))",
          "dx": "0",
          "dy": "0",
          "dz": "0"
        },
        "has_physics": false,
        "rotation_mode": "none",
        "lit": true,
        "light_level": 15,
        "render_type": "additive_translucent",
        "model": "davidparticles:block/jacko/jack_o_lantern_glow_east",
        "offset": [0, 0, 0],
        "exclusion_radius": 0
      }