{
        "initializer":{
          "lifetime": "32",
          "alpha": "0",
          "size": "0",
          "red": "1",
          "green": "0.3803",
          "blue": "0.1098",
          "roll": "0",
          "custom": "gaussian()"
        },
        "ticker": {
            "dx": "(CUSTOM*0.1) * sin((0.01 * AGE))",
            "dy": "0.3 * sin((0.16 * AGE)) - 0.035",
            "dz": "(CUSTOM*0.1) * cos((0.01 * AGE))",
            "roll": "CUSTOM * sin((0.1 * AGE))",
            "alpha": "1 * sin((0.075 * AGE))",
            "size": "0.35 * sin((0.1 * AGE))"
        },
        "liquid_affinity": "non_liquids",
        "lit": true,
        "light_level": 15,
        "random_sprite": true,
        "has_physics": true,
        "exclusion_radius": 7,
        "kill_on_contact": true,
        "rotation_mode": "look_at_y",
        "render_type": "additive_translucent",
        "offset": [0, -0.5, 0],
        "particle_emitters": [
      {
       "particle": "davidparticles:lava_flames_emit",
       "chance": "AGE < 10",
       "x": "gaussian()*0.25", 
       "z": "gaussian()*0.25",
       "y": "0"
     },
     {
       "particle": "davidparticles:lava_flame_glow",
       "chance": "AGE == 1",
       "x": "0", 
       "z": "0",
       "y": "0"
     }
  ]
}