{
  "initializer": {
    "lifetime": "20",
    "alpha": "1",
    "size": "0.1"
  },
  "ticker": {
  },
  "particle_emitters": [
    {
      "particle": "davidparticles:lightray_emitter_t",
      "chance": "(AGE == 1)", 
      "x": "0",
      "y": "2",
      "z": "0",
      "state_predicate": {
        "predicate_type": "block_match",
        "block": "minecraft:air"
      }
    }
  ],
  "tick_rate": 1,
  "has_physics": true,
  "offset": [0, 0, 0],
  "liquid_affinity": "non_liquids",
  "render_type": "invisible",
  "exclusion_radius": 0
}