{
  "initializer": {
    "lifetime": "20",
    "alpha": "1",
    "size": "0.1"
  },
  "ticker": {
  },
  "particle_emitters": [
    {
      "particle": "davidparticles:edgeinator",
      "chance": "(AGE == 1)*0.25", 
      "x": "1.1",
      "y": "1",
      "z": "0.5",
      "state_predicate": {
        "predicate_type": "block_match",
        "block": "minecraft:air"
      }
    },
    {
      "particle": "davidparticles:edgeinator",
      "chance": "(AGE == 1)*0.25", 
      "x": "-0.1",
      "y": "1",
      "z": "0.5",
      "state_predicate": {
        "predicate_type": "block_match",
        "block": "minecraft:air"
      }
    },
    {
      "particle": "davidparticles:edgeinator",
      "chance": "(AGE == 1)*0.25", 
      "x": "0.5",
      "y": "1",
      "z": "-0.1",
      "state_predicate": {
        "predicate_type": "block_match",
        "block": "minecraft:air"
      }
    },
    {
      "particle": "davidparticles:edgeinator",
      "chance": "(AGE == 1)*0.25", 
      "x": "0.5",
      "y": "1",
      "z": "1.1",
      "state_predicate": {
        "predicate_type": "block_match",
        "block": "minecraft:air"
      }
    }
  ],
  "tick_rate": 1,
  "render_type": "invisible",
  "has_physics": false,
  "offset": [0, 0, 0],
  "liquid_affinity": "non_liquids",
  "exclusion_radius": 0
}