{
        "initializer":{
          "lifetime": "40+rand()*15",
          "alpha": "0.25",
          "size": "0.55 + rand()*0.25",
          "red": "1",
          "green": "0.6235",
          "blue": "0.0078",
          "exclusion_radius": "2"
        },
        "ticker": {
            "dy": "-0.001",
            "alpha": "max(0, ALPHA-0.005)",
            "size": "max(0, SIZE-0.0025)"
        },
        "liquid_affinity": "non_liquids",
        "has_physics": false,
        "render_type": "additive_translucent"
}