{
        "initializer":{
          "lifetime": "1000",
          "alpha": "1",
          "size": "1",
          "custom": "rand()"
        },
        "ticker": {
            "dx": " PLAYER_X - X",
            "dy": " (PLAYER_Y + 20) - Y",
            "dz": " PLAYER_Z - Z",
            "remove_condition": "RAIN == 0"
        },
        "liquid_affinity": "any",
        "has_physics": false,
        "offset": [0, 1, 0],
        "limit": 1,
        "render_type": "invisible",
        "rotation_mode": "look_at_xyz",
        "particle_emitters": [
     {
      "particle": "davidparticles:default_rain",
      "count": "200",
      "chance": "1 * (SKY_LIGHT == 15) * (RAIN > 0) * (POS_Y > PLAYER_Y)",
      "x": "(rand() * 6 - 3 + gaussian() * 0.5)*6 - (RAIN == 1)*5", 
      "z": "(rand() * 6 - 3 + gaussian() * 0.5)*6",
      "y": "rand() * 2 - 6",

      "state_predicate": {
        "predicate_type": "block_match",
        "block": "minecraft:air"
      },

      "biomes": [
      "minecraft:plains",
      "minecraft:windswept_hills",
      "minecraft:windswept_forest",
      "minecraft:windswept_gravelly_hills",
      "minecraft:stony_shore",
      "minecraft:river",
      "minecraft:beach",
      "minecraft:birch_forest",
      "minecraft:sunflower_plains",
      "minecraft:flower_forest",
      "minecraft:old_growth_birch_forest",
      "minecraft:meadow",
      "minecraft:forest",
      "minecraft:cherry_grove",
      "minecraft:cold_ocean",
      "minecraft:deep_cold_ocean",
      "minecraft:dark_forest",
      "minecraft:jungle",
      "minecraft:sparse_jungle",
      "minecraft:bamboo_jungle",
      "minecraft:mangrove_swamp",
      "minecraft:mushroom_fields",
      "minecraft:ocean",
      "minecraft:deep_ocean",
      "minecraft:pale_garden",
      "minecraft:swamp",
      "minecraft:taiga",
      "minecraft:old_growth_pine_taiga",
      "minecraft:old_growth_spruce_taiga",
      "minecraft:warm_ocean",
      "minecraft:lukewarm_ocean",
      "minecraft:deep_lukewarm_ocean",
      "minecraft:stony_peaks"
    ]
     },

     {
      "particle": "davidparticles:default_rain_fog",
      "chance": "0.5 * (SKY_LIGHT == 15) * (RAIN > 0) * (POS_Y > PLAYER_Y)",
      "x": "(rand() * 6 - 3 + gaussian() * 0.5) - (RAIN == 1)*5", 
      "z": "(rand() * 6 - 3 + gaussian() * 0.5)",
      "y": "rand() * 2 - 6",

      "state_predicate": {
        "predicate_type": "block_match",
        "block": "minecraft:air"
      },

      "biomes": [
      "minecraft:plains",
      "minecraft:windswept_hills",
      "minecraft:windswept_forest",
      "minecraft:windswept_gravelly_hills",
      "minecraft:stony_shore",
      "minecraft:river",
      "minecraft:beach",
      "minecraft:birch_forest",
      "minecraft:sunflower_plains",
      "minecraft:flower_forest",
      "minecraft:old_growth_birch_forest",
      "minecraft:meadow",
      "minecraft:forest",
      "minecraft:cherry_grove",
      "minecraft:cold_ocean",
      "minecraft:deep_cold_ocean",
      "minecraft:dark_forest",
      "minecraft:jungle",
      "minecraft:sparse_jungle",
      "minecraft:bamboo_jungle",
      "minecraft:mangrove_swamp",
      "minecraft:mushroom_fields",
      "minecraft:ocean",
      "minecraft:deep_ocean",
      "minecraft:pale_garden",
      "minecraft:swamp",
      "minecraft:taiga",
      "minecraft:old_growth_pine_taiga",
      "minecraft:old_growth_spruce_taiga",
      "minecraft:warm_ocean",
      "minecraft:lukewarm_ocean",
      "minecraft:deep_lukewarm_ocean",
      "minecraft:stony_peaks"
    ]
     }
  ]
}
