{
  "initializer":{
    "lifetime": "100 + rand()*80",
    "size": "4",
    "alpha": "0",
    "dy": "(rand()*0.5)",
    "roll": "rand() * 2 * pi"
  },
      "ticker": {
       "alpha": "1.0 * sin((pi / LIFETIME) * AGE) * min(max((sqrt(DISTANCE_SQUARED) - 5) / 10, 0), 1) * max(0, min(1, (25 - sqrt(DISTANCE_SQUARED)) / 5))",
        "roll": "ROLL",
        "dx": "0",
        "dy": "0.001",
        "dz": "0",
        "remove_condition": "(sqrt(DISTANCE_SQUARED) > 25)"
      },
  "render_type": "additive_translucent",
  "liquid_affinity": "non_liquids",
  "lit": true,
  "light_level": 4,
  "exclusion_radius": 3,
  "colormap": "davidparticles:colormap_nether_n_end_fog",

  "has_physics": true,
  "offset": [0, 0, 0]
}