{
  "initializer":{
    "lifetime": "100 + rand()*80",
    "size": "4",
    "alpha": "0",
    "roll": "0.001"
  },
      "ticker": {
         "alpha": "0.9 * sin((pi / LIFETIME) * AGE) * min(max((sqrt(DISTANCE_SQUARED) - 5) / 10, 0), 1) * max(0, min(1, (25 - sqrt(DISTANCE_SQUARED)) / 5))",
        "roll": "max(0, ROLL+0.001)",
        "dx": "0",
        "dy": "0.001",
        "dz": "0",
        "remove_condition": "sqrt(DISTANCE_SQUARED) > 25"
      },
  "render_type": "additive_translucent",
  "liquid_affinity": "non_liquids",
  "exclusion_radius": 3,
  "has_physics": false,
  "colormap": "davidparticles:biomes/swamp_fog",
  "lit": true,
  "light_level": 1,
  "offset": [0, 0, 0]
}