{
        "initializer":{
          "lifetime": "10"
        },
        "ticker": {
        },
        "liquid_affinity": "non_liquids",
        "has_physics": false,
        "render_type": "invisible",
        "particle_emitters": [
    {
      "particle": "davidparticles:splash",
      "chance": "0.0025",
      "x": "(abs(sin(rand()*12.9898 + 78.233)) - 0.5) * 0.5",
      "y": "(abs(sin(rand()*39.3467 + 11.135)) - 0.5) * 0.5 - 0.2",
      "z": "(abs(sin(rand()*26.318 + 37.719)) - 0.5) * 0.5",
      "dx": "((0.5 + (abs(sin(rand()*12.9898 + 78.233)) - 0.5) * 0.5) - 0.5) * 0.30 + (rand()-0.5)*0.02",
      "dz": "((0.5 + (abs(sin(rand()*26.318 + 37.719)) - 0.5) * 0.5) - 0.5) * 0.30 + (rand()-0.5)*0.02"
    },
    {
      "particle": "davidparticles:splash",
      "chance": "0.0025",
      "x": "(abs(sin(rand()*19.873 + 11.37)) - 0.5) * 0.5",
      "y": "(abs(sin(rand()*5.123 + 97.12)) - 0.5) * 0.5 - 0.2",
      "z": "(abs(sin(rand()*41.113 + 62.51)) - 0.5) * 0.5",
      "dx": "((0.5 + (abs(sin(rand()*19.873 + 11.37)) - 0.5) * 0.5) - 0.5) * 0.34 + (rand()-0.5)*0.015",
      "dz": "((0.5 + (abs(sin(rand()*41.113 + 62.51)) - 0.5) * 0.5) - 0.5) * 0.26 + (rand()-0.5)*0.015"
    },
    {
      "particle": "davidparticles:splash",
      "chance": "0.0025",
      "x": "(abs(sin(rand()*7.123 + 3.14)) - 0.5) * 0.5",
      "y": "(abs(sin(rand()*13.579 + 42.42)) - 0.5) * 0.5 - 0.2",
      "z": "(abs(sin(rand()*31.415 + 2.718)) - 0.5) * 0.5",
      "dx": "((0.5 + (abs(sin(rand()*7.123 + 3.14)) - 0.5) * 0.5) - 0.5) * 0.26 + (rand()-0.5)*0.02",
      "dz": "((0.5 + (abs(sin(rand()*31.415 + 2.718)) - 0.5) * 0.5) - 0.5) * 0.32 + (rand()-0.5)*0.02"
    },
    {
      "particle": "davidparticles:splash",
      "chance": "0.0025",
      "x": "(abs(sin(rand()*3.333 + 99.99)) - 0.5) * 0.5",
      "y": "(abs(sin(rand()*77.17 + 12.77)) - 0.5) * 0.5 - 0.2",
      "z": "(abs(sin(rand()*17.23 + 54.123)) - 0.5) * 0.5",
      "dx": "((0.5 + (abs(sin(rand()*3.333 + 99.99)) - 0.5) * 0.5) - 0.5) * 0.36 + (rand()-0.5)*0.015",
      "dz": "((0.5 + (abs(sin(rand()*17.23 + 54.123)) - 0.5) * 0.5) - 0.5) * 0.24 + (rand()-0.5)*0.015"
    },
    {
      "particle": "davidparticles:splash",
      "chance": "0.0025",
      "x": "(abs(sin(rand()*23.71 + 8.31)) - 0.5) * 0.5",
      "y": "(abs(sin(rand()*47.77 + 21.77)) - 0.5) * 0.5 - 0.2",
      "z": "(abs(sin(rand()*31.13 + 91.73)) - 0.5) * 0.5",
      "dx": "((0.5 + (abs(sin(rand()*23.71 + 8.31)) - 0.5) * 0.5) - 0.5) * 0.28 + (rand()-0.5)*0.02",
      "dz": "((0.5 + (abs(sin(rand()*31.13 + 91.73)) - 0.5) * 0.5) - 0.5) * 0.28 + (rand()-0.5)*0.02"
    },
    {
      "particle": "davidparticles:splash",
      "chance": "0.0025",
      "x": "(abs(sin(rand()*11.11 + 7.77)) - 0.5) * 0.5",
      "y": "(abs(sin(rand()*61.73 + 19.91)) - 0.5) * 0.5 - 0.2",
      "z": "(abs(sin(rand()*43.22 + 15.33)) - 0.5) * 0.5",
      "dx": "((0.5 + (abs(sin(rand()*11.11 + 7.77)) - 0.5) * 0.5) - 0.5) * 0.24 + (rand()-0.5)*0.025",
      "dz": "((0.5 + (abs(sin(rand()*43.22 + 15.33)) - 0.5) * 0.5) - 0.5) * 0.34 + (rand()-0.5)*0.025"
    },
    {
      "particle": "davidparticles:splash",
      "chance": "0.0025",
      "x": "(abs(sin(rand()*5.55 + 12.34)) - 0.5) * 0.5",
      "y": "(abs(sin(rand()*9.99 + 88.88)) - 0.5) * 0.5 - 0.2",
      "z": "(abs(sin(rand()*17.77 + 33.33)) - 0.5) * 0.5",
      "dx": "((0.5 + (abs(sin(rand()*5.55 + 12.34)) - 0.5) * 0.5) - 0.5) * 0.32 + (rand()-0.5)*0.02",
      "dz": "((0.5 + (abs(sin(rand()*17.77 + 33.33)) - 0.5) * 0.5) - 0.5) * 0.26 + (rand()-0.5)*0.02"
    },
    {
      "particle": "davidparticles:splash",
      "chance": "0.0025",
      "x": "(abs(sin(rand()*21.21 + 7.77)) - 0.5) * 0.5",
      "y": "(abs(sin(rand()*15.15 + 19.19)) - 0.5) * 0.5 - 0.2",
      "z": "(abs(sin(rand()*31.31 + 91.91)) - 0.5) * 0.5",
      "dx": "((0.5 + (abs(sin(rand()*21.21 + 7.77)) - 0.5) * 0.5) - 0.5) * 0.34 + (rand()-0.5)*0.015",
      "dz": "((0.5 + (abs(sin(rand()*31.31 + 91.91)) - 0.5) * 0.5) - 0.5) * 0.22 + (rand()-0.5)*0.015"
    },
    {
      "particle": "davidparticles:splash",
      "chance": "0.0025",
      "x": "(abs(sin(rand()*17.77 + 22.22)) - 0.5) * 0.5",
      "y": "(abs(sin(rand()*25.25 + 44.44)) - 0.5) * 0.5 - 0.2",
      "z": "(abs(sin(rand()*33.33 + 55.55)) - 0.5) * 0.5",
      "dx": "((0.5 + (abs(sin(rand()*17.77 + 22.22)) - 0.5) * 0.5) - 0.5) * 0.30 + (rand()-0.5)*0.02",
      "dz": "((0.5 + (abs(sin(rand()*33.33 + 55.55)) - 0.5) * 0.5) - 0.5) * 0.26 + (rand()-0.5)*0.02"
    },
    {
      "particle": "davidparticles:splash",
      "chance": "0.0025",
      "x": "(abs(sin(rand()*27.27 + 66.66)) - 0.5) * 0.5",
      "y": "(abs(sin(rand()*37.37 + 88.88)) - 0.5) * 0.5 - 0.2",
      "z": "(abs(sin(rand()*47.47 + 77.77)) - 0.5) * 0.5",
      "dx": "((0.5 + (abs(sin(rand()*27.27 + 66.66)) - 0.5) * 0.5) - 0.5) * 0.32 + (rand()-0.5)*0.02",
      "dz": "((0.5 + (abs(sin(rand()*47.47 + 77.77)) - 0.5) * 0.5) - 0.5) * 0.24 + (rand()-0.5)*0.02"
    },
    {
      "particle": "davidparticles:splash",
      "chance": "0.0025",
      "x": "(abs(sin(rand()*55.55 + 99.99)) - 0.5) * 0.5",
      "y": "(abs(sin(rand()*65.65 + 33.33)) - 0.5) * 0.5 - 0.2",
      "z": "(abs(sin(rand()*75.75 + 11.11)) - 0.5) * 0.5",
      "dx": "((0.5 + (abs(sin(rand()*55.55 + 99.99)) - 0.5) * 0.5) - 0.5) * 0.34 + (rand()-0.5)*0.015",
      "dz": "((0.5 + (abs(sin(rand()*75.75 + 11.11)) - 0.5) * 0.5) - 0.5) * 0.26 + (rand()-0.5)*0.015"
    },


    {
      "particle": "davidparticles:cascade",
      "chance": "0.0025",
      "x": "(abs(sin(rand()*12.9898 + 78.233)) - 0.5) * 0.5",
      "y": "(abs(sin(rand()*39.3467 + 11.135)) - 0.5) * 0.5 - 0.1",
      "z": "(abs(sin(rand()*26.318 + 37.719)) - 0.5) * 0.5",
      "dx": "((0.5 + (abs(sin(rand()*12.9898 + 78.233)) - 0.5) * 0.5) - 0.5) * 0.16 + (rand()-0.5)*0.01",
      "dz": "((0.5 + (abs(sin(rand()*26.318 + 37.719)) - 0.5) * 0.5) - 0.5) * 0.16 + (rand()-0.5)*0.01"
    },
    {
      "particle": "davidparticles:cascade",
      "chance": "0.0025",
      "x": "(abs(sin(rand()*19.873 + 11.37)) - 0.5) * 0.5",
      "y": "(abs(sin(rand()*5.123 + 97.12)) - 0.5) * 0.5 - 0.1",
      "z": "(abs(sin(rand()*41.113 + 62.51)) - 0.5) * 0.5",
      "dx": "((0.5 + (abs(sin(rand()*19.873 + 11.37)) - 0.5) * 0.5) - 0.5) * 0.18 + (rand()-0.5)*0.008",
      "dz": "((0.5 + (abs(sin(rand()*41.113 + 62.51)) - 0.5) * 0.5) - 0.5) * 0.13 + (rand()-0.5)*0.008"
    },
    {
      "particle": "davidparticles:cascade",
      "chance": "0.0025",
      "x": "(abs(sin(rand()*7.123 + 3.14)) - 0.5) * 0.5",
      "y": "(abs(sin(rand()*13.579 + 42.42)) - 0.5) * 0.5 - 0.1",
      "z": "(abs(sin(rand()*31.415 + 2.718)) - 0.5) * 0.5",
      "dx": "((0.5 + (abs(sin(rand()*7.123 + 3.14)) - 0.5) * 0.5) - 0.5) * 0.14 + (rand()-0.5)*0.01",
      "dz": "((0.5 + (abs(sin(rand()*31.415 + 2.718)) - 0.5) * 0.5) - 0.5) * 0.16 + (rand()-0.5)*0.01"
    },
    {
      "particle": "davidparticles:cascade",
      "chance": "0.0025",
      "x": "(abs(sin(rand()*3.333 + 99.99)) - 0.5) * 0.5",
      "y": "(abs(sin(rand()*77.17 + 12.77)) - 0.5) * 0.5 - 0.1",
      "z": "(abs(sin(rand()*17.23 + 54.123)) - 0.5) * 0.5",
      "dx": "((0.5 + (abs(sin(rand()*3.333 + 99.99)) - 0.5) * 0.5) - 0.5) * 0.18 + (rand()-0.5)*0.008",
      "dz": "((0.5 + (abs(sin(rand()*17.23 + 54.123)) - 0.5) * 0.5) - 0.5) * 0.12 + (rand()-0.5)*0.008"
    },
    {
      "particle": "davidparticles:cascade",
      "chance": "0.0025",
      "x": "(abs(sin(rand()*23.71 + 8.31)) - 0.5) * 0.5",
      "y": "(abs(sin(rand()*47.77 + 21.77)) - 0.5) * 0.5 - 0.1",
      "z": "(abs(sin(rand()*31.13 + 91.73)) - 0.5) * 0.5",
      "dx": "((0.5 + (abs(sin(rand()*23.71 + 8.31)) - 0.5) * 0.5) - 0.5) * 0.15 + (rand()-0.5)*0.01",
      "dz": "((0.5 + (abs(sin(rand()*31.13 + 91.73)) - 0.5) * 0.5) - 0.5) * 0.15 + (rand()-0.5)*0.01"
    },
    {
      "particle": "davidparticles:cascade",
      "chance": "0.0025",
      "x": "(abs(sin(rand()*11.11 + 7.77)) - 0.5) * 0.5",
      "y": "(abs(sin(rand()*61.73 + 19.91)) - 0.5) * 0.5 - 0.1",
      "z": "(abs(sin(rand()*43.22 + 15.33)) - 0.5) * 0.5",
      "dx": "((0.5 + (abs(sin(rand()*11.11 + 7.77)) - 0.5) * 0.5) - 0.5) * 0.13 + (rand()-0.5)*0.012",
      "dz": "((0.5 + (abs(sin(rand()*43.22 + 15.33)) - 0.5) * 0.5) - 0.5) * 0.17 + (rand()-0.5)*0.012"
    },
    {
      "particle": "davidparticles:cascade",
      "chance": "0.0025",
      "x": "(abs(sin(rand()*5.55 + 12.34)) - 0.5) * 0.5",
      "y": "(abs(sin(rand()*9.99 + 88.88)) - 0.5) * 0.5 - 0.1",
      "z": "(abs(sin(rand()*17.77 + 33.33)) - 0.5) * 0.5",
      "dx": "((0.5 + (abs(sin(rand()*5.55 + 12.34)) - 0.5) * 0.5) - 0.5) * 0.16 + (rand()-0.5)*0.01",
      "dz": "((0.5 + (abs(sin(rand()*17.77 + 33.33)) - 0.5) * 0.5) - 0.5) * 0.13 + (rand()-0.5)*0.01"
    },
    {
      "particle": "davidparticles:cascade",
      "chance": "0.0025",
      "x": "(abs(sin(rand()*21.21 + 7.77)) - 0.5) * 0.5",
      "y": "(abs(sin(rand()*15.15 + 19.19)) - 0.5) * 0.5 - 0.1",
      "z": "(abs(sin(rand()*31.31 + 91.91)) - 0.5) * 0.5",
      "dx": "((0.5 + (abs(sin(rand()*21.21 + 7.77)) - 0.5) * 0.5) - 0.5) * 0.17 + (rand()-0.5)*0.008",
      "dz": "((0.5 + (abs(sin(rand()*31.31 + 91.91)) - 0.5) * 0.5) - 0.5) * 0.11 + (rand()-0.5)*0.008"
    },
    {
      "particle": "davidparticles:cascade",
      "chance": "0.0025",
      "x": "(abs(sin(rand()*17.77 + 22.22)) - 0.5) * 0.5",
      "y": "(abs(sin(rand()*25.25 + 44.44)) - 0.5) * 0.5 - 0.1",
      "z": "(abs(sin(rand()*33.33 + 55.55)) - 0.5) * 0.5",
      "dx": "((0.5 + (abs(sin(rand()*17.77 + 22.22)) - 0.5) * 0.5) - 0.5) * 0.15 + (rand()-0.5)*0.01",
      "dz": "((0.5 + (abs(sin(rand()*33.33 + 55.55)) - 0.5) * 0.5) - 0.5) * 0.13 + (rand()-0.5)*0.01"
    },
    {
      "particle": "davidparticles:cascade",
      "chance": "0.0025",
      "x": "(abs(sin(rand()*27.27 + 66.66)) - 0.5) * 0.5",
      "y": "(abs(sin(rand()*37.37 + 88.88)) - 0.5) * 0.5 - 0.1",
      "z": "(abs(sin(rand()*47.47 + 77.77)) - 0.5) * 0.5",
      "dx": "((0.5 + (abs(sin(rand()*27.27 + 66.66)) - 0.5) * 0.5) - 0.5) * 0.16 + (rand()-0.5)*0.01",
      "dz": "((0.5 + (abs(sin(rand()*47.47 + 77.77)) - 0.5) * 0.5) - 0.5) * 0.12 + (rand()-0.5)*0.01"
    }
  ]
}