{
        "initializer":{
          "lifetime": "10"
        },
        "ticker": {
        },
        "liquid_affinity": "liquids",
        "has_physics": false,
        "exclusion_radius": 0,
        "render_type": "invisible",
        "offset": [0, 0, 0],
        "particle_emitters": [
          {
       "particle": "davidparticles:water_cascade_air_check",
       "chance": "1",
       "x": "1", 
       "z": "0",
       "y": "0",
       "state_predicate": {
       "predicate_type": "blockstate_match",
       "block_state": 
         {
          "Name": "minecraft:water",
          "Properties": {
          "falling": "false"
           }
         }
     }
     },
     {
       "particle": "davidparticles:water_cascade_air_check",
       "chance": "1",
       "x": "1", 
       "z": "1",
       "y": "0",
       "state_predicate": {
       "predicate_type": "blockstate_match",
       "block_state": 
         {
          "Name": "minecraft:water",
          "Properties": {
          "falling": "false"
           }
         }
     }
     },
     {
       "particle": "davidparticles:water_cascade_air_check",
       "chance": "1",
       "x": "0", 
       "z": "1",
       "y": "0",
       "state_predicate": {
       "predicate_type": "blockstate_match",
       "block_state": 
         {
          "Name": "minecraft:water",
          "Properties": {
          "falling": "false"
           }
         }
     }
     }, 
     {
       "particle": "davidparticles:water_cascade_air_check",
       "chance": "1",
       "x": "-1", 
       "z": "0",
       "y": "0",
       "state_predicate": {
       "predicate_type": "blockstate_match",
       "block_state": 
         {
          "Name": "minecraft:water",
          "Properties": {
          "falling": "false"
           }
         }
     }
     },
     {
       "particle": "davidparticles:water_cascade_air_check",
       "chance": "1",
       "x": "0", 
       "z": "-1",
       "y": "0",
       "state_predicate": {
       "predicate_type": "blockstate_match",
       "block_state": 
         {
          "Name": "minecraft:water",
          "Properties": {
          "falling": "false"
           }
         }
     }
     },
     {
       "particle": "davidparticles:water_cascade_air_check",
       "chance": "1",
       "x": "-1", 
       "z": "-1",
       "y": "0",
       "state_predicate": {
       "predicate_type": "blockstate_match",
       "block_state": 
         {
          "Name": "minecraft:water",
          "Properties": {
          "falling": "false"
           }
         }
     }
     }
     ]
}