{
        "initializer":{
          "lifetime": "12",
          "alpha": "0",
          "size": "3.5",
          "roll": "rand()* 2 * pi",
          "custom": "rand() * 2 * pi"
        },
        "ticker": {
                "roll": "ROLL",
            "dx": "0",
    "dy": "0",
            "alpha": "(0.15 + 0.05*RAIN) * sin((pi / LIFETIME) * AGE)"
        },
        "liquid_affinity": "non_liquids",
        "render_type": "additive_translucent",
        "has_physics": true,
        "random_sprite": false,
        "kill_on_contact": true,
        "kill_when_still": false,
        "exclusion_radius": 1,
        "rotation_mode": "look_at_xyz"
}