{
  "initializer": {
    "lifetime": "1",
    "size": "0",
    "alpha": "0",
    "custom": "rand()"
  },
  "ticker": {
  },
  "liquid_affinity": "any",
  "render_type": "invisible",
  "exclusion_radius": 0,
  "has_physics": false,
  "kill_on_contact": false,
  "kill_when_still": false,
  "particle_emitters": [
    {
      "particle": "break_particles:jungle_leaves",
      "chance": "0.75",
      "x": "(abs(sin(rand()*12.9898 + 78.233)) - 0.5) * 0.5",
      "y": "(abs(sin(rand()*39.3467 + 11.135)) - 0.5) * 0.5 - 0.25",
      "z": "(abs(sin(rand()*26.318 + 37.719)) - 0.5) * 0.5",
      "dx": "((0.5 + (abs(sin(rand()*12.9898 + 78.233)) - 0.5) * 0.5) - 0.5) * 0.34 + (rand()-0.5)*0.02",
      "dy": "0.12 + ((0.5 + (abs(sin(rand()*39.3467 + 11.135)) - 0.5) * 0.5) - 0.5) * 0.12 + (rand()-0.5)*0.02",
      "dz": "((0.5 + (abs(sin(rand()*26.318 + 37.719)) - 0.5) * 0.5) - 0.5) * 0.34 + (rand()-0.5)*0.02",
      "roll": "abs(sin(CUSTOM*12.9898 + 78.233)) * 6.28318"
    },
    {
      "particle": "break_particles:jungle_leaves",
      "chance": "0.75",
      "x": "(abs(sin(rand()*19.873 + 11.37)) - 0.5) * 0.5",
      "y": "(abs(sin(rand()*5.123 + 97.12)) - 0.5) * 0.5 - 0.25",
      "z": "(abs(sin(rand()*41.113 + 62.51)) - 0.5) * 0.5",
      "dx": "((0.5 + (abs(sin(rand()*19.873 + 11.37)) - 0.5) * 0.5) - 0.5) * 0.38 + (rand()-0.5)*0.015",
      "dy": "0.14 + ((0.5 + (abs(sin(rand()*5.123 + 97.12)) - 0.5) * 0.5) - 0.5) * 0.10 + (rand()-0.5)*0.015",
      "dz": "((0.5 + (abs(sin(rand()*41.113 + 62.51)) - 0.5) * 0.5) - 0.5) * 0.28 + (rand()-0.5)*0.015",
      "roll": "abs(sin(CUSTOM*19.873 + 11.37)) * 6.28318"
    },
    {
      "particle": "break_particles:jungle_leaves",
      "chance": "0.75",
      "x": "(abs(sin(rand()*7.123 + 3.14)) - 0.5) * 0.5",
      "y": "(abs(sin(rand()*13.579 + 42.42)) - 0.5) * 0.5 - 0.25",
      "z": "(abs(sin(rand()*31.415 + 2.718)) - 0.5) * 0.5",
      "dx": "((0.5 + (abs(sin(rand()*7.123 + 3.14)) - 0.5) * 0.5) - 0.5) * 0.30 + (rand()-0.5)*0.025",
      "dy": "0.11 + ((0.5 + (abs(sin(rand()*13.579 + 42.42)) - 0.5) * 0.5) - 0.5) * 0.16 + (rand()-0.5)*0.02",
      "dz": "((0.5 + (abs(sin(rand()*31.415 + 2.718)) - 0.5) * 0.5) - 0.5) * 0.36 + (rand()-0.5)*0.02",
      "roll": "abs(sin(CUSTOM*7.123 + 3.14)) * 6.28318"
    },
    {
      "particle": "break_particles:jungle_leaves",
      "chance": "0.75",
      "x": "(abs(sin(rand()*3.333 + 99.99)) - 0.5) * 0.5",
      "y": "(abs(sin(rand()*77.17 + 12.77)) - 0.5) * 0.5 - 0.25",
      "z": "(abs(sin(rand()*17.23 + 54.123)) - 0.5) * 0.5",
      "dx": "((0.5 + (abs(sin(rand()*3.333 + 99.99)) - 0.5) * 0.5) - 0.5) * 0.42 + (rand()-0.5)*0.015",
      "dy": "0.13 + ((0.5 + (abs(sin(rand()*77.17 + 12.77)) - 0.5) * 0.5) - 0.5) * 0.08 + (rand()-0.5)*0.015",
      "dz": "((0.5 + (abs(sin(rand()*17.23 + 54.123)) - 0.5) * 0.5) - 0.5) * 0.26 + (rand()-0.5)*0.015",
      "roll": "abs(sin(CUSTOM*3.333 + 99.99)) * 6.28318"
    },
    {
      "particle": "break_particles:jungle_leaves",
      "chance": "0.75",
      "x": "(abs(sin(rand()*23.71 + 8.31)) - 0.5) * 0.5",
      "y": "(abs(sin(rand()*47.77 + 21.77)) - 0.5) * 0.5 - 0.25",
      "z": "(abs(sin(rand()*31.13 + 91.73)) - 0.5) * 0.5",
      "dx": "((0.5 + (abs(sin(rand()*23.71 + 8.31)) - 0.5) * 0.5) - 0.5) * 0.32 + (rand()-0.5)*0.02",
      "dy": "0.15 + ((0.5 + (abs(sin(rand()*47.77 + 21.77)) - 0.5) * 0.5) - 0.5) * 0.12 + (rand()-0.5)*0.02",
      "dz": "((0.5 + (abs(sin(rand()*31.13 + 91.73)) - 0.5) * 0.5) - 0.5) * 0.32 + (rand()-0.5)*0.02",
      "roll": "abs(sin(CUSTOM*23.71 + 8.31)) * 6.28318"
    },
    {
      "particle": "break_particles:jungle_leaves",
      "chance": "0.75",
      "x": "(abs(sin(rand()*11.11 + 7.77)) - 0.5) * 0.5",
      "y": "(abs(sin(rand()*61.73 + 19.91)) - 0.5) * 0.5 - 0.25",
      "z": "(abs(sin(rand()*43.22 + 15.33)) - 0.5) * 0.5",
      "dx": "((0.5 + (abs(sin(rand()*11.11 + 7.77)) - 0.5) * 0.5) - 0.5) * 0.28 + (rand()-0.5)*0.03",
      "dy": "0.10 + ((0.5 + (abs(sin(rand()*61.73 + 19.91)) - 0.5) * 0.5) - 0.5) * 0.14 + (rand()-0.5)*0.02",
      "dz": "((0.5 + (abs(sin(rand()*43.22 + 15.33)) - 0.5) * 0.5) - 0.5) * 0.40 + (rand()-0.5)*0.03",
      "roll": "abs(sin(CUSTOM*11.11 + 7.77)) * 6.28318"
    },
    {
      "particle": "break_particles:jungle_leaves",
      "chance": "0.75",
      "x": "(abs(sin(rand()*5.55 + 12.34)) - 0.5) * 0.5",
      "y": "(abs(sin(rand()*9.99 + 88.88)) - 0.5) * 0.5 - 0.25",
      "z": "(abs(sin(rand()*17.77 + 33.33)) - 0.5) * 0.5",
      "dx": "((0.5 + (abs(sin(rand()*5.55 + 12.34)) - 0.5) * 0.5) - 0.5) * 0.36 + (rand()-0.5)*0.02",
      "dy": "0.16 + ((0.5 + (abs(sin(rand()*9.99 + 88.88)) - 0.5) * 0.5) - 0.5) * 0.10 + (rand()-0.5)*0.02",
      "dz": "((0.5 + (abs(sin(rand()*17.77 + 33.33)) - 0.5) * 0.5) - 0.5) * 0.30 + (rand()-0.5)*0.02",
      "roll": "abs(sin(CUSTOM*5.55 + 12.34)) * 6.28318"
    },
    {
      "particle": "break_particles:jungle_leaves",
      "chance": "0.75",
      "x": "(abs(sin(rand()*21.21 + 7.77)) - 0.5) * 0.5",
      "y": "(abs(sin(rand()*15.15 + 19.19)) - 0.5) * 0.5 - 0.25",
      "z": "(abs(sin(rand()*31.31 + 91.91)) - 0.5) * 0.5",
      "dx": "((0.5 + (abs(sin(rand()*21.21 + 7.77)) - 0.5) * 0.5) - 0.5) * 0.40 + (rand()-0.5)*0.015",
      "dy": "0.12 + ((0.5 + (abs(sin(rand()*15.15 + 19.19)) - 0.5) * 0.5) - 0.5) * 0.12 + (rand()-0.5)*0.015",
      "dz": "((0.5 + (abs(sin(rand()*31.31 + 91.91)) - 0.5) * 0.5) - 0.5) * 0.22 + (rand()-0.5)*0.015",
      "roll": "abs(sin(CUSTOM*21.21 + 7.77)) * 6.28318"
    },
    {
      "particle": "break_particles:jungle_leaves",
      "chance": "0.75",
      "x": "(abs(sin(rand()*17.77 + 22.22)) - 0.5) * 0.5",
      "y": "(abs(sin(rand()*25.25 + 44.44)) - 0.5) * 0.5 - 0.25",
      "z": "(abs(sin(rand()*33.33 + 55.55)) - 0.5) * 0.5",
      "dx": "((0.5 + (abs(sin(rand()*17.77 + 22.22)) - 0.5) * 0.5) - 0.5) * 0.34 + (rand()-0.5)*0.02",
      "dy": "0.13 + ((0.5 + (abs(sin(rand()*25.25 + 44.44)) - 0.5) * 0.5) - 0.5) * 0.14 + (rand()-0.5)*0.02",
      "dz": "((0.5 + (abs(sin(rand()*33.33 + 55.55)) - 0.5) * 0.5) - 0.5) * 0.28 + (rand()-0.5)*0.02",
      "roll": "abs(sin(CUSTOM*17.77 + 22.22)) * 6.28318"
    },
    {
      "particle": "break_particles:jungle_leaves",
      "chance": "0.75",
      "x": "(abs(sin(rand()*27.27 + 66.66)) - 0.5) * 0.5",
      "y": "(abs(sin(rand()*37.37 + 88.88)) - 0.5) * 0.5 - 0.25",
      "z": "(abs(sin(rand()*47.47 + 77.77)) - 0.5) * 0.5",
      "dx": "((0.5 + (abs(sin(rand()*27.27 + 66.66)) - 0.5) * 0.5) - 0.5) * 0.36 + (rand()-0.5)*0.02",
      "dy": "0.11 + ((0.5 + (abs(sin(rand()*37.37 + 88.88)) - 0.5) * 0.5) - 0.5) * 0.12 + (rand()-0.5)*0.02",
      "dz": "((0.5 + (abs(sin(rand()*47.47 + 77.77)) - 0.5) * 0.5) - 0.5) * 0.26 + (rand()-0.5)*0.02",
      "roll": "abs(sin(CUSTOM*27.27 + 66.66)) * 6.28318"
    },
    {
      "particle": "break_particles:jungle_leaves",
      "chance": "0.75",
      "x": "(abs(sin(rand()*55.55 + 99.99)) - 0.5) * 0.5",
      "y": "(abs(sin(rand()*65.65 + 33.33)) - 0.5) * 0.5 - 0.25",
      "z": "(abs(sin(rand()*75.75 + 11.11)) - 0.5) * 0.5",
      "dx": "((0.5 + (abs(sin(rand()*55.55 + 99.99)) - 0.5) * 0.5) - 0.5) * 0.38 + (rand()-0.5)*0.015",
      "dy": "0.15 + ((0.5 + (abs(sin(rand()*65.65 + 33.33)) - 0.5) * 0.5) - 0.5) * 0.10 + (rand()-0.5)*0.015",
      "dz": "((0.5 + (abs(sin(rand()*75.75 + 11.11)) - 0.5) * 0.5) - 0.5) * 0.30 + (rand()-0.5)*0.015",
      "roll": "abs(sin(CUSTOM*55.55 + 99.99)) * 6.28318"
    }
  ]
}
